﻿Period;Passenger_rev_per_RPM;Passenger_rev_per_ASM;Total_rev_per_ASM;Fuel_expense_per_ASM;Operating_expense_per_ASM;Break_even_load_factor;Passenger_load_factor;Aircraft_utlization_(h_per_day);N_planes;Gross_margin;EBITDA_margin;Operating_margin;Pretax_margin;Effective_tax_rate;Net_margin;Asset_turnover;X_pretax_margin;Pretax_ROA;x_Leverage_(assets/equity);Pretax_ROE;x_Tax_complement;ROE;x_Earnings_retention;Reinvestment_rate;Quick_ratio;Current_ratio;Times_interest_earned;Cash_cycle_(days);Assets/Equity;Debt/Equity;%_LT_Debt_to_total_capital;Net_debt/EBITDA;A/R_Turnover;Avg_A/R_days;Inventory_turnover;Avg_inventory_days;Avg_A/P_days;Fixed_asset_turnover;WC_/_Sales_Growth;Bad_debt_allowance_(%_of_A/R);ROIC;Revenue_per_employee;EBITDAR;Revenue_passengers;Revenue_passenger_kilometers_(RPK);Available_seat_kilometers_(ASK);Total_load_factor_%;Revenue_per_ASK;Passenger_haul_avg_length_(kilometers);Aircraft_stage_avg_length_(kilometers);Number_of_trips_flown_(departures);Total_average_passenger_fare;Passenger_revenue_per_RPK;Passenger_revenue_per_ASK;Operating_revenue_per_ASK;Operating_expense_per_ASK;Operating_expense_per_ASK,_excl_fuel;Total_aircraft_utilization_(hours_per_day);Average_number_of_operating_aircrafts;Number_of_hours_flown;Fleet_size;Net;%Chg;Airline;EU;US;Low_cost;Close_price
Q1_2022;0.06;0.05;0.07;N/A;0.09;N/A;0.77;N/A;322;0.34;-0.14;-0.33;-0.37;0.19;-0.29;0.15;-0.37;-0.06;4.24;-0.22;N/A;-0.17;N/A;-0.17;N/A;1.22;N/A;38.3;4.24;1.68;0.53;N/A;4.8;38.3;N/A;N/A;N/A;0.32;0.06;N/A;-0.06;N/A;-524700000;23400000;26811000000;34287000000;0.77;0.05;1146;1131;167865;74;0.04;0.03;0.05;0.07;0.06;N/A;322;N/A;322;-1.09;-0.14;Easyjet;1;0;1;6.606262476
Q4_2021;N/A;N/A;N/A;N/A;N/A;N/A;N/A;N/A;308;N/A;N/A;N/A;N/A;0.19;N/A;N/A;N/A;N/A;N/A;N/A;N/A;N/A;N/A;N/A;N/A;N/A;N/A;N/A;N/A;N/A;N/A;N/A;N/A;N/A;N/A;N/A;N/A;N/A;N/A;N/A;N/A;N/A;N/A;11891000;N/A;N/A;0.77;N/A;N/A;N/A;N/A;N/A;N/A;N/A;N/A;N/A;N/A;N/A;N/A;N/A;308;-1.08;-0.12;Easyjet;1;0;1;6.616937834
Q3_2021;0.07;0.05;0.08;N/A;0.09;N/A;0.73;N/A;308;0.41;-0.04;-0.25;-0.32;0.19;-0.25;0.13;-0.32;-0.04;3.7;-0.19;N/A;-0.15;N/A;-0.15;N/A;1.56;N/A;33.4;3.7;1.68;0.56;N/A;5.5;33.4;N/A;N/A;N/A;0.26;2.76;0;-0.05;N/A;-47750000;16300000;18458000000;25260000000;N/A;0.06;1132;N/A;120564;N/A;0.05;0.04;0.06;0.06;0.05;N/A;N/A;N/A;308;-0.89;-0.09;Easyjet;1;0;1;7.710224497
Q2_2021;N/A;N/A;N/A;N/A;N/A;N/A;N/A;N/A;330;N/A;N/A;N/A;N/A;0.19;N/A;N/A;N/A;N/A;N/A;N/A;N/A;N/A;N/A;N/A;N/A;N/A;N/A;N/A;N/A;N/A;N/A;N/A;N/A;N/A;N/A;N/A;N/A;N/A;N/A;N/A;N/A;N/A;N/A;2985000;N/A;N/A;0.66;N/A;N/A;N/A;N/A;N/A;N/A;N/A;N/A;N/A;N/A;N/A;N/A;N/A;330;1.85;0.24;Easyjet;1;0;1;8.786649362
Q1_2021;0.05;0.03;0.05;N/A;0.17;N/A;0.64;N/A;330;0.13;-1.91;-2.5;-2.69;0.19;-2.29;0.03;-2.69;-0.08;5.25;-0.37;N/A;-0.32;N/A;-0.32;N/A;1.12;N/A;102.2;5.25;2.75;0.65;N/A;1.8;102.2;N/A;N/A;N/A;0.05;0.33;N/A;-0.1;N/A;-864600000;4100000;5136000000;8088000000;0.64;0.03;1253;1261;35100;65;0.04;0.02;0.03;0.12;0.11;N/A;338;N/A;330;3.17;0.68;Easyjet;1;0;1;9.675862846
Q4_2020;N/A;N/A;N/A;N/A;N/A;N/A;N/A;N/A;342;N/A;N/A;N/A;N/A;0.19;N/A;N/A;N/A;N/A;N/A;N/A;N/A;N/A;N/A;N/A;N/A;N/A;N/A;N/A;N/A;N/A;N/A;N/A;N/A;N/A;N/A;N/A;N/A;N/A;N/A;N/A;N/A;N/A;N/A;2858000;N/A;N/A;0.66;N/A;N/A;N/A;N/A;N/A;N/A;N/A;N/A;N/A;N/A;N/A;N/A;N/A;342;-1.67;-0.26;Easyjet;1;0;1;7.823228222
Q3_2020;0.05;N/A;N/A;N/A;N/A;N/A;N/A;N/A;342;0.26;-0.6;-1.16;-1.47;0.19;-1.2;0.08;-1.47;-0.11;4.46;-0.46;N/A;-0.38;N/A;-0.38;N/A;0.67;N/A;71.5;4.46;1.81;0.42;N/A;2.6;71.5;N/A;N/A;N/A;0.12;-1.89;0.04;-0.17;N/A;-497700000;9500000;15994000000;N/A;N/A;N/A;1684;N/A;67242;N/A;0.03;N/A;N/A;N/A;N/A;N/A;N/A;N/A;342;0.91;0.17;Easyjet;1;0;1;4.654813633
Q2_2020;N/A;N/A;N/A;N/A;N/A;N/A;N/A;N/A;337;N/A;N/A;N/A;N/A;0.19;N/A;N/A;N/A;N/A;N/A;N/A;N/A;N/A;N/A;N/A;N/A;N/A;N/A;N/A;N/A;N/A;N/A;N/A;N/A;N/A;N/A;N/A;N/A;N/A;N/A;N/A;N/A;N/A;N/A;117000;N/A;N/A;0.89;N/A;N/A;N/A;N/A;N/A;N/A;N/A;N/A;N/A;N/A;N/A;N/A;N/A;337;-8.77;-0.62;Easyjet;1;0;1;6.320351918
Q1_2020;0.07;0.06;0.08;N/A;0.09;N/A;0.9;8.8;337;0.41;0.11;-0.07;-0.15;0.19;-0.14;0.29;-0.15;-0.04;3.92;-0.14;N/A;-0.13;N/A;-0.13;N/A;0.55;N/A;20.1;3.92;0.89;0.4;1.53;9.1;20.1;N/A;N/A;N/A;0.46;-0.26;N/A;-0.07;N/A;102300000;38600000;42920000000;46753000000;0.9;0.06;1112;1095;244235;N/A;0.05;0.05;0.06;0.07;0.05;8.8;N/A;N/A;337;3.27;0.3;Easyjet;1;0;1;5.412775647
Q4_2019;N/A;N/A;N/A;N/A;N/A;N/A;N/A;N/A;331;N/A;N/A;N/A;N/A;0.19;N/A;N/A;N/A;N/A;N/A;N/A;N/A;N/A;N/A;N/A;N/A;N/A;N/A;N/A;N/A;N/A;N/A;N/A;N/A;N/A;N/A;N/A;N/A;N/A;N/A;N/A;N/A;N/A;N/A;22200000;24900000000;26900000000;0.91;0.06;1122;1106;N/A;N/A;0.05;0.05;0.06;N/A;N/A;N/A;N/A;N/A;331;1.96;0.22;Easyjet;1;0;1;14.18525696
Q3_2019;0.08;0.08;0.1;N/A;0.05;N/A;0.94;N/A;331;0.48;0.24;0.18;0.17;0.19;0.14;0.52;0.17;0.09;2.73;0.26;0.81;0.21;0.69;0.14;N/A;0.79;N/A;-15.5;2.73;0.64;0.34;0.27;25.4;7.2;N/A;N/A;22.7;0.81;0.05;0.01;0.11;N/A;1110600000;54500000;62650000000;66689000000;N/A;0.07;1150;N/A;338395;N/A;0.06;0.05;0.07;0.03;0.02;N/A;297;N/A;331;-1.97;-0.18;Easyjet;1;0;1;10.91599732
Q2_2019;N/A;N/A;N/A;N/A;N/A;N/A;N/A;N/A;320;N/A;N/A;N/A;N/A;0.2;N/A;N/A;N/A;N/A;N/A;N/A;N/A;N/A;N/A;N/A;N/A;N/A;N/A;N/A;N/A;N/A;N/A;N/A;N/A;N/A;N/A;N/A;N/A;N/A;N/A;N/A;N/A;N/A;N/A;26400000;29861000000;32129000000;0.92;0.06;1131;1117;N/A;N/A;0.05;0.05;0.06;N/A;N/A;N/A;N/A;N/A;320;0.58;0.06;Easyjet;1;0;1;8.960413808
Q1_2019;0.07;0.06;0.08;N/A;N/A;N/A;0.9;10;320;0.34;-0.01;-0.11;-0.12;0.2;-0.09;0.33;-0.12;-0.04;2.95;-0.1;N/A;-0.08;N/A;-0.08;N/A;0.6;N/A;22.5;2.95;0.59;0.33;N/A;8.1;22.5;N/A;N/A;N/A;0.52;-0.22;0.01;-0.05;N/A;N/A;41600000;45091000000;49367000000;0.9;0.05;1084;1068;267504;64;0.05;0.04;0.05;N/A;N/A;10;317;510403;320;-2.07;-0.17;Easyjet;1;0;1;10.92985248
Q4_2018;N/A;N/A;N/A;N/A;N/A;N/A;N/A;N/A;315;N/A;N/A;N/A;N/A;0.2;N/A;N/A;N/A;N/A;N/A;N/A;N/A;N/A;N/A;N/A;N/A;N/A;N/A;N/A;N/A;N/A;N/A;N/A;N/A;N/A;N/A;N/A;N/A;N/A;N/A;N/A;N/A;N/A;N/A;21592000;23500000000;26000000000;0.9;0.06;1088;1079;N/A;N/A;0.05;0.04;0.06;N/A;N/A;N/A;N/A;N/A;315;-3.51;-0.22;Easyjet;1;0;1;10.34800308
Q3_2018;0.08;0.08;0.1;N/A;0.08;N/A;0.95;13.1;315;0.46;0.19;0.14;0.14;0.2;0.11;0.55;0.14;0.08;2.16;0.17;0.8;0.14;0.43;0.06;N/A;0.97;N/A;18.4;2.16;0.3;0.23;N/A;9.9;18.4;N/A;N/A;N/A;0.95;0;N/A;0.09;N/A;812000000;52500000;59242000000;62500000000;N/A;0.07;1128;N/A;328673;N/A;0.06;0.05;0.07;0.06;0.05;13.1;269;643743;315;0.56;0.04;Easyjet;1;0;1;12.41592523
Q2_2018;N/A;N/A;N/A;N/A;N/A;N/A;N/A;N/A;279;N/A;N/A;N/A;N/A;0.2;N/A;N/A;N/A;N/A;N/A;N/A;N/A;N/A;N/A;N/A;N/A;N/A;N/A;N/A;N/A;N/A;N/A;N/A;N/A;N/A;N/A;N/A;N/A;N/A;N/A;N/A;N/A;N/A;N/A;24400000;27459000000;29041000000;0.94;0.06;1125;1110;N/A;N/A;0.05;0.05;0.06;N/A;N/A;11.9;278;304354;279;1.48;0.11;Easyjet;1;0;1;15.92256684
Q1_2018;0.07;0.06;0.08;N/A;0.08;N/A;0.91;9.7;279;0.37;0.05;-0.03;-0.03;0.2;-0.03;0.35;-0.03;-0.01;2.48;-0.03;N/A;-0.02;N/A;-0.02;N/A;0.89;N/A;25.9;2.48;0.36;0.26;N/A;7.1;25.9;N/A;N/A;N/A;0.61;-0.01;N/A;-0.01;N/A;135600000;36800000;39875000000;43215000000;0.91;0.06;1084;1071;238359;67;0.05;0.05;0.06;0.06;0.05;9.7;286;444257;279;2.26;0.19;Easyjet;1;0;1;15.36574164
Q4_2017;N/A;N/A;N/A;N/A;N/A;N/A;N/A;N/A;279;N/A;N/A;N/A;N/A;0.2;N/A;N/A;N/A;N/A;N/A;N/A;N/A;N/A;N/A;N/A;N/A;N/A;N/A;N/A;N/A;N/A;N/A;N/A;N/A;N/A;N/A;N/A;N/A;N/A;N/A;N/A;N/A;N/A;N/A;18800000;20700000000;22300000000;0.92;0.06;1101;1094;N/A;N/A;0.05;0.05;0.06;N/A;N/A;N/A;N/A;N/A;279;-1.43;-0.11;Easyjet;1;0;1;13.88329462
Q3_2017;N/A;N/A;0.09;N/A;0.04;N/A;0.95;N/A;279;0.47;0.23;0.19;0.19;0.2;0.15;0.54;0.19;0.11;2.13;0.24;0.8;0.19;0.67;0.13;N/A;1.04;N/A;14.6;2.13;0.35;0.26;N/A;12.6;14.6;N/A;N/A;N/A;0.94;0.08;N/A;0.12;N/A;724000000;46400000;53495000000;56157000000;N/A;0.07;1153;N/A;291850;N/A;N/A;N/A;0.07;0.03;0.02;N/A;N/A;582726;279;2.87;0.28;Easyjet;1;0;1;11.62015881
Q2_2017;N/A;N/A;N/A;N/A;N/A;N/A;N/A;N/A;266;N/A;N/A;N/A;N/A;0.14;N/A;N/A;N/A;N/A;N/A;N/A;N/A;N/A;N/A;N/A;N/A;N/A;N/A;N/A;N/A;N/A;N/A;N/A;N/A;N/A;N/A;N/A;N/A;N/A;N/A;N/A;N/A;N/A;N/A;22300000;25282000000;26850000000;0.93;0.06;1134;1118;N/A;N/A;N/A;N/A;0.06;N/A;N/A;11.9;258;282458;266;0.25;0.02;Easyjet;1;0;1;13.04632738
Q1_2017;N/A;N/A;0.07;N/A;0.08;N/A;0.9;10;266;0.29;-0.07;-0.12;-0.13;0.14;-0.11;0.32;-0.13;-0.04;2.5;-0.09;N/A;-0.08;N/A;-0.08;N/A;0.86;N/A;22.2;2.5;0.41;0.29;N/A;8.2;22.2;N/A;N/A;N/A;0.56;0.03;N/A;-0.05;N/A;84520000;33800000;36190000000;39635000000;0.9;0.05;1071;1058;225052;N/A;N/A;N/A;0.05;0.06;0.04;10;235;427274;266;0.14;0.01;Easyjet;1;0;1;10.17603903
Q4_2016;N/A;N/A;N/A;N/A;N/A;N/A;N/A;N/A;257;N/A;N/A;N/A;N/A;0.14;N/A;N/A;N/A;N/A;N/A;N/A;N/A;N/A;N/A;N/A;N/A;N/A;N/A;N/A;N/A;N/A;N/A;N/A;N/A;N/A;N/A;N/A;N/A;N/A;N/A;N/A;N/A;N/A;N/A;N/A;18800000000;20700000000;0.9;0.06;N/A;1074;N/A;N/A;N/A;N/A;0.06;N/A;N/A;N/A;N/A;N/A;257;-1.17;-0.11;Easyjet;1;0;1;9.92835024
Q3_2016;N/A;N/A;0.09;N/A;0.07;N/A;0.94;N/A;257;0.43;0.21;0.18;0.18;0.14;0.16;0.54;0.18;0.1;2.04;0.23;0.86;0.2;0.53;0.1;N/A;0.92;N/A;13.8;2.04;0.28;0.19;N/A;13.2;13.8;N/A;N/A;N/A;0.91;0.19;N/A;0.13;N/A;806000000;42100000;48317000000;51331000000;N/A;0.07;1148;N/A;273209;N/A;N/A;N/A;0.07;0.06;0.04;N/A;N/A;539480;257;-5.18;-0.32;Easyjet;1;0;1;9.788533157
Q2_2016;N/A;N/A;N/A;N/A;N/A;N/A;N/A;N/A;247;N/A;N/A;N/A;N/A;0.2;N/A;N/A;N/A;N/A;N/A;N/A;N/A;N/A;N/A;N/A;N/A;N/A;N/A;N/A;N/A;N/A;N/A;N/A;N/A;N/A;N/A;N/A;N/A;N/A;N/A;N/A;N/A;N/A;N/A;N/A;N/A;N/A;N/A;N/A;N/A;N/A;N/A;N/A;N/A;N/A;N/A;N/A;N/A;N/A;N/A;N/A;247;-3.74;-0.19;Easyjet;1;0;1;10.95638383
Q1_2016;N/A;N/A;0.08;N/A;0.07;N/A;0.9;9.6;247;0.35;0.04;-0.01;-0.01;0.2;-0.01;0.35;-0.01;0;2.69;-0.01;N/A;-0.01;N/A;-0.01;N/A;0.68;N/A;22.7;2.69;0.39;0.24;N/A;8.1;22.7;N/A;N/A;N/A;0.59;-0.11;N/A;-0.01;N/A;149000000;31000000;33179000000;36393000000;0.9;0.07;1070;1054;208901;N/A;N/A;N/A;0.07;0.06;0.04;9.6;225;395104;247;-0.37;-0.02;Easyjet;1;0;1;16.13804279
Q4_2015;N/A;N/A;N/A;N/A;N/A;N/A;N/A;N/A;241;N/A;N/A;N/A;N/A;0.2;N/A;N/A;N/A;N/A;N/A;N/A;N/A;N/A;N/A;N/A;N/A;N/A;N/A;N/A;N/A;N/A;N/A;N/A;N/A;N/A;N/A;N/A;N/A;N/A;N/A;N/A;N/A;N/A;N/A;N/A;17400000000;19100000000;0.9;N/A;N/A;1072;N/A;N/A;N/A;N/A;N/A;N/A;N/A;10;223;N/A;241;1.89;0.1;Easyjet;1;0;1;19.88034137
Q3_2015;N/A;N/A;0.1;N/A;N/A;N/A;0.93;N/A;241;0.46;0.26;0.23;0.23;0.2;0.19;0.61;0.23;0.14;2.15;0.34;0.8;0.27;0.6;0.16;N/A;0.72;113.5;12.7;2.15;0.22;0.12;N/A;14.4;12.7;N/A;N/A;N/A;1.04;0.05;N/A;0.19;N/A;1124800000;39700000;46055000000;49347000000;N/A;N/A;1160;N/A;260399;N/A;N/A;N/A;N/A;N/A;N/A;N/A;N/A;519125;241;-3.52;-0.16;Easyjet;1;0;1;20.24970072
Q2_2015;N/A;N/A;N/A;N/A;N/A;N/A;N/A;N/A;230;N/A;N/A;N/A;N/A;0.29;N/A;N/A;N/A;N/A;N/A;N/A;N/A;N/A;N/A;N/A;N/A;N/A;N/A;N/A;N/A;N/A;N/A;N/A;N/A;N/A;N/A;N/A;N/A;N/A;N/A;N/A;N/A;N/A;N/A;19100000;21707000000;23517000000;0.92;N/A;1136;1132;N/A;N/A;N/A;N/A;N/A;N/A;N/A;11.7;226;N/A;230;3.77;0.21;Easyjet;1;0;1;18.35797445
Q1_2015;N/A;N/A;0.08;N/A;0.08;N/A;0.9;9.7;230;0.33;0.04;0;0;0.29;0;0.38;0;0;2.75;0;0.71;0;1;0;N/A;0.62;1.4;20.7;2.75;0.32;0.18;N/A;8.9;20.7;N/A;N/A;N/A;0.67;-0.15;N/A;0;N/A;169800000;28900000;31564000000;34499000000;0.9;0.07;1092;1072;197080;N/A;N/A;N/A;0.07;0.06;0.04;9.7;212;375434;230;2.73;0.18;Easyjet;1;0;1;21.87848098
Q4_2014;N/A;N/A;N/A;N/A;N/A;N/A;N/A;N/A;226;N/A;N/A;N/A;N/A;0.23;N/A;N/A;N/A;N/A;N/A;N/A;N/A;N/A;N/A;N/A;N/A;N/A;N/A;N/A;N/A;N/A;N/A;N/A;N/A;N/A;N/A;N/A;N/A;N/A;N/A;N/A;N/A;N/A;N/A;N/A;N/A;N/A;N/A;N/A;N/A;N/A;N/A;N/A;N/A;N/A;N/A;N/A;N/A;N/A;N/A;N/A;226;1.02;0.07;Easyjet;1;0;1;18.11071564
Q3_2014;N/A;N/A;0.1;N/A;0.07;N/A;0.93;N/A;226;0.44;0.25;0.22;0.22;0.23;0.17;0.64;0.22;0.14;2.06;0.33;0.77;0.26;0.63;0.16;N/A;0.89;N/A;12.6;2.06;0.26;0.17;N/A;14.5;12.6;N/A;N/A;N/A;1.14;0.01;N/A;0.18;N/A;944100000;37200000;42738000000;46159000000;N/A;N/A;1149;N/A;248567;N/A;N/A;N/A;N/A;0.05;0.03;N/A;N/A;487833;226;-3.12;-0.18;Easyjet;1;0;1;15.37684628
Q2_2014;N/A;N/A;N/A;N/A;N/A;N/A;N/A;N/A;220;N/A;N/A;N/A;N/A;0.17;N/A;N/A;N/A;N/A;N/A;N/A;N/A;N/A;N/A;N/A;N/A;N/A;N/A;N/A;N/A;N/A;N/A;N/A;N/A;N/A;N/A;N/A;N/A;N/A;N/A;N/A;N/A;N/A;N/A;17900000;20243000000;22198000000;0.9;0.07;1131;1118;N/A;N/A;N/A;N/A;0.07;N/A;N/A;11.7;214;230350;220;2.28;0.15;Easyjet;1;0;1;14.35624665
Q1_2014;N/A;N/A;0.08;N/A;0.08;N/A;0.89;9.8;220;0.3;0;-0.03;-0.03;0.17;-0.02;0.39;-0.03;-0.01;2.63;-0.03;N/A;-0.02;N/A;-0.02;N/A;0.71;N/A;20.6;2.63;0.37;0.23;N/A;8.9;20.6;N/A;N/A;N/A;0.72;-0.13;N/A;-0.02;N/A;76700000;27600000;30195000000;33366000000;0.89;N/A;1094;1074;191376;N/A;N/A;N/A;N/A;0.06;0.04;9.8;203;361957;220;2.63;0.21;Easyjet;1;0;1;17.47130165
Q4_2013;N/A;N/A;N/A;N/A;N/A;N/A;N/A;N/A;217;N/A;N/A;N/A;N/A;0.17;N/A;N/A;N/A;N/A;N/A;N/A;N/A;N/A;N/A;N/A;N/A;N/A;N/A;N/A;N/A;N/A;N/A;N/A;N/A;N/A;N/A;N/A;N/A;N/A;N/A;N/A;N/A;N/A;N/A;N/A;15700000000;17500000000;0.89;N/A;N/A;1089;N/A;N/A;N/A;N/A;N/A;N/A;N/A;10.1;204;N/A;217;0.11;0.01;Easyjet;1;0;1;15.18867499
Q3_2013;N/A;N/A;0.1;N/A;N/A;N/A;0.91;N/A;217;0.43;0.22;0.2;0.2;0.17;0.17;0.6;0.2;0.12;2.19;0.29;0.83;0.24;0.31;0.07;N/A;1.05;N/A;-135.7;2.19;0.34;0.22;N/A;11.4;16.1;N/A;N/A;151.8;1.19;0.01;N/A;0.15;N/A;760200000;34200000;39178000000;42982000000;N/A;N/A;1146;N/A;234982;N/A;N/A;N/A;N/A;N/A;N/A;N/A;N/A;455928;217;1.93;0.18;Easyjet;1;0;1;12.55546149
Q2_2013;N/A;N/A;N/A;N/A;N/A;N/A;N/A;N/A;210;N/A;N/A;N/A;N/A;0.2;N/A;N/A;N/A;N/A;N/A;N/A;N/A;N/A;N/A;N/A;N/A;N/A;N/A;N/A;N/A;N/A;N/A;N/A;N/A;N/A;N/A;N/A;N/A;N/A;N/A;N/A;N/A;N/A;N/A;N/A;N/A;N/A;N/A;N/A;N/A;N/A;N/A;N/A;N/A;N/A;N/A;N/A;N/A;N/A;N/A;N/A;210;2.77;0.36;Easyjet;1;0;1;12.44062992
Q1_2013;N/A;N/A;0.08;N/A;0.08;N/A;0.89;9.7;210;0.3;0.01;-0.03;-0.04;0.2;-0.03;0.37;-0.04;-0.01;2.64;-0.04;N/A;-0.03;N/A;-0.03;N/A;0.94;N/A;-170.1;2.64;0.46;0.28;N/A;6.2;29.4;N/A;N/A;199.5;0.7;-0.06;N/A;-0.02;N/A;76030000;26600000;28395000000;31241000000;0.89;0.06;1067;1042;185329;N/A;N/A;N/A;N/A;0.06;0.04;9.7;194;343552;210;1.75;0.29;Easyjet;1;0;1;10.51455545
Q4_2012;N/A;N/A;N/A;N/A;N/A;N/A;N/A;N/A;214;N/A;N/A;N/A;N/A;0.2;N/A;N/A;N/A;N/A;N/A;N/A;N/A;N/A;N/A;N/A;N/A;N/A;N/A;N/A;N/A;N/A;N/A;N/A;N/A;N/A;N/A;N/A;N/A;N/A;N/A;N/A;N/A;N/A;N/A;N/A;N/A;N/A;N/A;N/A;N/A;N/A;N/A;N/A;N/A;N/A;N/A;N/A;N/A;N/A;N/A;N/A;214;0.58;0.11;Easyjet;1;0;1;7.74038003
Q3_2012;N/A;N/A;0.09;N/A;N/A;N/A;0.92;N/A;214;0.41;0.2;0.18;0.18;0.2;0.14;0.55;0.18;0.1;2.39;0.26;0.8;0.21;0.75;0.16;N/A;1.05;N/A;-133.9;2.39;0.53;0.3;0.03;10.6;17.3;N/A;N/A;151.2;1.04;-0.2;N/A;0.12;N/A;662800000;33200000;37898000000;41397000000;N/A;N/A;1142;N/A;229104;N/A;N/A;N/A;N/A;N/A;N/A;N/A;N/A;444146;214;0.63;0.13;Easyjet;1;0;1;5.990939926
Q2_2012;N/A;N/A;N/A;N/A;N/A;N/A;N/A;N/A;204;N/A;N/A;N/A;N/A;0.2;N/A;N/A;N/A;N/A;N/A;N/A;N/A;N/A;N/A;N/A;N/A;N/A;N/A;N/A;N/A;N/A;N/A;N/A;N/A;N/A;N/A;N/A;N/A;N/A;N/A;N/A;N/A;N/A;N/A;N/A;N/A;N/A;N/A;N/A;N/A;N/A;N/A;N/A;N/A;N/A;N/A;N/A;N/A;N/A;N/A;N/A;204;N/A;N/A;Easyjet;1;0;1;5.413643477
Q1_2012;N/A;N/A;0.08;N/A;N/A;N/A;0.87;9.9;204;0.27;-0.03;-0.07;-0.08;0.2;-0.06;0.33;-0.08;-0.03;2.95;-0.07;N/A;-0.06;N/A;-0.06;N/A;1.1;N/A;-166.7;2.95;0.78;0.38;N/A;7.8;23.5;N/A;N/A;190.2;0.67;0.01;N/A;-0.03;N/A;0;25200000;27329000000;30785000000;0.87;0.06;1084;1061;181904;N/A;N/A;N/A;N/A;N/A;0.04;9.9;190;342708;204;N/A;N/A;Easyjet;1;0;1;4.785341792
