﻿Period;Passenger_rev_per_RPM;Passenger_rev_per_ASM;Total_rev_per_ASM;Fuel_expense_per_ASM;Operating_expense_per_ASM;Break_even_load_factor;Passenger_load_factor;Aircraft_utlization_(h_per_day);N_planes;Gross_margin;EBITDA_margin;Operating_margin;Pretax_margin;Effective_tax_rate;Net_margin;Asset_turnover;X_pretax_margin;Pretax_ROA;x_Leverage_(assets/equity);Pretax_ROE;x_Tax_complement;ROE;x_Earnings_retention;Reinvestment_rate;Quick_ratio;Current_ratio;Times_interest_earned;Cash_cycle_(days);Assets/Equity;Debt/Equity;%_LT_Debt_to_total_capital;Net_debt/EBITDA;A/R_Turnover;Avg_A/R_days;Inventory_turnover;Avg_inventory_days;Avg_A/P_days;Fixed_asset_turnover;WC_/_Sales_Growth;Bad_debt_allowance_(%_of_A/R);ROIC;Revenue_per_employee;Total_passengers;Revenue_passengers;Revenue_passenger_kilometers_(RPK);Available_seat_kilometers_(ASK);Total_load_factor_%;Revenue_per_ASK;Passenger_haul_avg_length_(kilometers);Number_of_trips_flown_(departures);Passenger_revenue_per_RPK;Passenger_revenue_per_ASK;Operating_revenue_per_ASK;Operating_expense_per_ASK;Operating_expense_per_ASK,_excl_fuel;Number_of_hours_flown;Fleet_size;Net;%Chg;Airline;EU;US;Low_cost;Close_price
Q1_2022;N/A;N/A;N/A;N/A;N/A;N/A;N/A;N/A;531;N/A;N/A;N/A;N/A;0.28;N/A;N/A;N/A;N/A;N/A;N/A;N/A;N/A;N/A;N/A;N/A;N/A;N/A;N/A;N/A;N/A;N/A;N/A;N/A;N/A;N/A;N/A;N/A;N/A;N/A;N/A;N/A;N/A;14377000;N/A;35432000000;49080000000;0.72;0.07;N/A;107700;0.08;0.05;0.07;0.09;0.07;322084;531;-0.01;0;International Airline Group;1;0;0;1.6882
Q4_2021;0.12;0.09;0.11;N/A;0.13;N/A;0.7;N/A;531;0.68;0.04;-0.13;-0.19;0.28;-0.14;0.18;-0.19;-0.04;40.96;-1.34;N/A;-1.01;N/A;-1.01;0.77;0.79;-1.6;54.7;40.96;23.26;0.84;43.4;7.4;24.8;6.1;29.9;N/A;0.36;0.86;0.12;-0.04;N/A;30784000;N/A;61941000000;87924000000;N/A;0.07;N/A;229563;0.08;0.05;0.07;0.08;0.07;632361;531;-0.38;-0.18;International Airline Group;1;0;0;1.6956
Q3_2021;N/A;N/A;N/A;N/A;N/A;N/A;N/A;N/A;529;N/A;N/A;N/A;N/A;0.28;N/A;N/A;N/A;N/A;N/A;N/A;N/A;N/A;N/A;N/A;N/A;N/A;N/A;N/A;N/A;N/A;N/A;N/A;N/A;N/A;N/A;N/A;N/A;N/A;N/A;N/A;N/A;N/A;15475000;N/A;27716000000;40082000000;0.69;0.07;N/A;114877;0.07;0.05;0.07;0.08;0.07;303622;529;0.04;0.02;International Airline Group;1;0;0;2.0765
Q2_2021;0.11;0.05;0.1;N/A;0.21;N/A;0.49;N/A;529;0.52;-0.59;-0.92;-1.06;0.28;-0.93;0.07;-1.06;-0.07;36.85;-1.86;N/A;-1.63;N/A;-1.63;0.83;0.86;-7.1;123.6;36.85;21.64;0.86;N/A;2.8;66.4;3.2;57.2;N/A;0.13;0.35;N/A;-0.1;N/A;8080000;N/A;16748000000;34041000000;0.49;0.07;N/A;77956;0.07;0.03;0.07;0.13;0.11;260094;529;-0.3;-0.13;International Airline Group;1;0;0;2.032
Q1_2021;N/A;N/A;N/A;N/A;N/A;N/A;N/A;N/A;533;N/A;N/A;N/A;N/A;0.28;N/A;N/A;N/A;N/A;N/A;N/A;N/A;N/A;N/A;N/A;N/A;N/A;N/A;N/A;N/A;N/A;N/A;N/A;N/A;N/A;N/A;N/A;N/A;N/A;N/A;N/A;N/A;N/A;2612000;N/A;6779000000;14796000000;0.46;0.07;N/A;27700;0.07;0.03;0.07;0.14;0.12;108908;533;0.54;0.3;International Airline Group;1;0;0;2.3298
Q4_2020;0.12;0.05;0.1;N/A;0.19;N/A;0.47;N/A;533;0.49;-0.71;-1.34;-1.42;0.28;-1.23;0.08;-1.42;-0.12;18.9;-3.03;N/A;-2.62;N/A;-2.62;0.65;0.68;-8.7;122;18.9;9.71;0.78;N/A;2.7;68.2;3.4;53.7;N/A;0.14;-1.02;0.15;-0.17;N/A;10890000;N/A;19490000000;41570000000;N/A;0.06;N/A;112483;0.07;0.03;0.06;0.12;0.06;328468;533;0.74;0.71;International Airline Group;1;0;0;1.789
Q3_2020;N/A;N/A;N/A;N/A;N/A;N/A;N/A;N/A;548;N/A;N/A;N/A;N/A;0.28;N/A;N/A;N/A;N/A;N/A;N/A;N/A;N/A;N/A;N/A;N/A;N/A;N/A;N/A;N/A;N/A;N/A;N/A;N/A;N/A;N/A;N/A;N/A;N/A;N/A;N/A;N/A;N/A;6592000;N/A;9673000000;19769000000;0.49;0.06;N/A;64288;0.08;0.04;0.06;0.13;0.11;185681;548;-0.58;-0.36;International Airline Group;1;0;0;1.0474
Q2_2020;0.13;0.09;0.12;N/A;0.16;N/A;0.74;N/A;548;0.61;-0.14;-0.76;-0.79;0.28;-0.72;0.16;-0.79;-0.12;41.21;-1.07;N/A;-0.97;N/A;-0.97;0.65;0.68;-6;103.1;41.21;21.15;0.79;N/A;3.1;59.8;4.2;43.3;N/A;0.29;-0.39;N/A;-0.18;N/A;20385000;N/A;52772000000;71625000000;0.74;0.07;N/A;155265;0.08;0.06;0.07;0.1;0.08;492515;548;0.02;0.01;International Airline Group;1;0;0;1.6248
Q1_2020;N/A;N/A;N/A;N/A;N/A;N/A;N/A;N/A;598;N/A;N/A;N/A;N/A;0.28;N/A;N/A;N/A;N/A;N/A;N/A;N/A;N/A;N/A;N/A;N/A;N/A;N/A;N/A;N/A;N/A;N/A;N/A;N/A;N/A;N/A;N/A;N/A;N/A;N/A;N/A;N/A;N/A;19877000;N/A;51617000000;67522000000;0.76;0.07;N/A;143969;0.08;0.06;0.07;0.08;0.06;434244;598;-3.29;-0.67;International Airline Group;1;0;0;1.6042
Q4_2019;0.13;0.11;0.12;N/A;0.11;N/A;0.86;N/A;598;0.69;0.24;0.11;0.1;0.28;0.07;0.37;0.1;0.04;5.01;0.19;0.72;0.13;0.63;0.08;0.84;0.89;7.1;55.3;5.01;2;0.58;1.91;5.8;31.7;7.7;23.6;N/A;0.73;0;N/A;0.04;N/A;62368000;N/A;1.50E+11;1.74E+11;N/A;0.08;N/A;399452;0.08;0.07;0.08;0.07;0.05;1170880;598;1.35;0.38;International Airline Group;1;0;0;4.8965
Q3_2019;N/A;N/A;N/A;N/A;N/A;N/A;N/A;N/A;588;N/A;N/A;N/A;N/A;0.2;N/A;N/A;N/A;N/A;N/A;N/A;N/A;N/A;N/A;N/A;N/A;N/A;N/A;N/A;N/A;N/A;N/A;N/A;N/A;N/A;N/A;N/A;N/A;N/A;N/A;N/A;N/A;N/A;34562000;N/A;80923000000;92318000000;0.88;0.08;N/A;215920;0.08;0.07;0.08;0.06;0.05;628707;588;0.02;0.01;International Airline Group;1;0;0;3.5472
Q2_2019;0.13;0.1;0.12;N/A;0.11;N/A;0.83;N/A;588;0.67;0.18;0.09;0.08;0.2;0.07;0.38;0.08;0.03;5.49;0.15;0.8;0.12;0.64;0.08;0.81;0.85;4.2;58;5.49;1.95;0.57;1.42;5.3;34.6;7.8;23.4;N/A;0.8;-0.08;N/A;0.04;N/A;55885000;N/A;1.36E+11;1.63E+11;0.83;0.07;N/A;376034;0.08;0.07;0.07;0.07;0.05;1102024;588;-0.41;-0.1;International Airline Group;1;0;0;3.5247
Q1_2019;N/A;N/A;N/A;N/A;N/A;N/A;N/A;N/A;573;N/A;N/A;N/A;N/A;0.19;N/A;N/A;N/A;N/A;N/A;N/A;N/A;N/A;N/A;N/A;N/A;N/A;N/A;N/A;N/A;N/A;N/A;N/A;N/A;N/A;N/A;N/A;N/A;N/A;N/A;N/A;N/A;N/A;24382000;N/A;60878000000;75423000000;0.81;0.07;N/A;169010;0.08;0.06;0.07;0.07;0.05;501362;573;-0.61;-0.13;International Airline Group;1;0;0;3.9372
Q4_2018;0.13;0.11;0.12;N/A;0.1;N/A;0.84;N/A;573;0.67;0.23;0.15;0.14;0.19;0.11;0.44;0.14;0.06;4.18;0.25;0.81;0.21;0.31;0.06;0.87;0.91;21.5;50.2;4.18;1.12;0.47;0.1;6.2;29.4;8.8;20.8;N/A;1.06;-0.04;0.04;0.09;N/A;60189000;N/A;1.43E+11;1.70E+11;N/A;0.08;N/A;395473;0.08;0.07;0.08;0.06;0.05;1155826;573;-0.35;-0.07;International Airline Group;1;0;0;4.5502
Q3_2018;N/A;N/A;N/A;N/A;N/A;N/A;N/A;N/A;565;N/A;N/A;N/A;N/A;0.15;N/A;N/A;N/A;N/A;N/A;N/A;N/A;N/A;N/A;N/A;N/A;N/A;N/A;N/A;N/A;N/A;N/A;N/A;N/A;N/A;N/A;N/A;N/A;N/A;N/A;N/A;N/A;N/A;33510000;N/A;77674000000;89773000000;0.87;0.08;N/A;213087;0.08;0.07;0.08;0.06;0.05;614837;565;-0.06;-0.01;International Airline Group;1;0;0;4.9046
Q2_2018;0.13;0.1;0.12;N/A;0.11;N/A;0.82;N/A;565;0.67;0.16;0.16;0.15;0.15;0.13;0.39;0.15;0.06;3.96;0.23;0.84;0.19;0.79;0.15;0.93;0.97;11.7;53.3;3.96;0.96;0.42;0.01;5.9;30.8;8.1;22.5;N/A;0.93;0;N/A;0.08;N/A;52731000;N/A;1.27E+11;1.55E+11;0.82;0.07;N/A;359227;0.08;0.06;0.07;0.07;0.05;1051548;565;0.34;0.07;International Airline Group;1;0;0;4.9686
Q1_2018;N/A;N/A;N/A;N/A;N/A;N/A;N/A;N/A;546;N/A;N/A;N/A;N/A;0.19;N/A;N/A;N/A;N/A;N/A;N/A;N/A;N/A;N/A;N/A;N/A;N/A;N/A;N/A;N/A;N/A;N/A;N/A;N/A;N/A;N/A;N/A;N/A;N/A;N/A;N/A;N/A;N/A;22953000;N/A;57221000000;71092000000;0.81;0.07;N/A;N/A;0.08;0.06;0.07;0.07;0.05;480145;546;-0.23;-0.05;International Airline Group;1;0;0;4.6276
Q4_2017;0.13;0.11;0.12;N/A;0.1;N/A;0.84;N/A;546;0.69;0.21;0.15;0.14;0.19;0.12;0.43;0.14;0.06;4.11;0.3;0.81;0.25;0.79;0.19;0.96;1.01;19.5;50.4;4.11;1.11;0.45;0.16;6.4;28.5;8.4;21.9;N/A;1.02;-0.02;0.03;0.09;N/A;56023000;56023000;1.34E+11;1.59E+11;N/A;0.08;2386;N/A;0.08;0.07;0.08;0.06;0.05;1093770;546;0.4;0.09;International Airline Group;1;0;0;4.8538
Q3_2017;N/A;N/A;N/A;N/A;N/A;N/A;N/A;N/A;546;N/A;N/A;N/A;N/A;0.2;N/A;N/A;N/A;N/A;N/A;N/A;N/A;N/A;N/A;N/A;N/A;N/A;N/A;N/A;N/A;N/A;N/A;N/A;N/A;N/A;N/A;N/A;N/A;N/A;N/A;N/A;N/A;N/A;31259000;N/A;72584000000;84207000000;0.86;0.08;N/A;N/A;0.08;0.07;0.08;0.06;0.05;585833;546;-0.15;-0.03;International Airline Group;1;0;0;4.4554
Q2_2017;0.13;0.11;0.12;N/A;0.11;N/A;0.81;N/A;546;0.67;0.14;0.08;0.07;0.2;0.06;0.39;0.07;0.03;5.92;0.15;0.79;0.12;1;0.12;0.92;0.95;9.3;52.1;5.92;1.69;0.54;0.72;6.3;29.1;8;23;N/A;0.91;0.04;N/A;0.04;N/A;48806000;48806000;1.19E+11;1.47E+11;0.81;0.07;2441;342428;0.08;0.07;0.07;0.07;0.05;1006319;546;0.48;0.12;International Airline Group;1;0;0;4.6041
Q1_2017;N/A;N/A;N/A;N/A;N/A;N/A;N/A;N/A;548;N/A;N/A;N/A;N/A;0.17;N/A;N/A;N/A;N/A;N/A;N/A;N/A;N/A;N/A;N/A;N/A;N/A;N/A;N/A;N/A;N/A;N/A;N/A;N/A;N/A;N/A;N/A;N/A;N/A;N/A;N/A;N/A;N/A;N/A;N/A;N/A;N/A;N/A;N/A;N/A;N/A;N/A;N/A;N/A;N/A;N/A;N/A;548;0.7;0.2;International Airline Group;1;0;0;4.1251
Q4_2016;0.13;0.11;0.12;N/A;0.1;N/A;0.83;N/A;548;0.68;0.21;0.14;0.14;0.17;0.12;0.42;0.14;0.06;5.11;0.34;0.83;0.28;0.81;0.23;1;1.05;8.2;47.4;5.11;1.59;0.54;0.89;7.2;25.3;8.3;22.1;N/A;0.93;0.13;N/A;0.08;N/A;N/A;53999000;1.29E+11;1.56E+11;N/A;0.08;2392;N/A;0.08;0.07;0.08;0.07;0.05;N/A;548;0.38;0.12;International Airline Group;1;0;0;3.4245
Q3_2016;N/A;N/A;N/A;N/A;N/A;N/A;N/A;N/A;541;N/A;N/A;N/A;N/A;0.2;N/A;N/A;N/A;N/A;N/A;N/A;N/A;N/A;N/A;N/A;N/A;N/A;N/A;N/A;N/A;N/A;N/A;N/A;N/A;N/A;N/A;N/A;N/A;N/A;N/A;N/A;N/A;N/A;N/A;30849000;71431000000;83441000000;0.86;0.08;2316;N/A;0.08;0.07;0.08;0.06;0.05;589778;541;0.11;0.04;International Airline Group;1;0;0;3.0478
Q2_2016;0.13;0.11;0.12;N/A;0.11;N/A;0.8;N/A;541;0.67;0.13;0.07;0.06;0.2;0.05;0.38;0.06;0.02;6.33;0.14;0.79;0.11;0.57;0.06;0.82;0.86;5.5;48.9;6.33;1.97;0.57;1.77;7.4;24.6;7.5;24.3;N/A;0.8;-0.02;N/A;0.03;N/A;N/A;46676000;1.14E+11;1.43E+11;0.8;0.08;2449;N/A;0.08;0.07;0.08;0.07;0.05;986914;541;-1.69;-0.37;International Airline Group;1;0;0;2.9349
Q1_2016;N/A;N/A;N/A;N/A;N/A;N/A;N/A;N/A;529;N/A;N/A;N/A;N/A;0.15;N/A;N/A;N/A;N/A;N/A;N/A;N/A;N/A;N/A;N/A;N/A;N/A;N/A;N/A;N/A;N/A;N/A;N/A;N/A;N/A;N/A;N/A;N/A;N/A;N/A;N/A;N/A;N/A;N/A;20369000;52222000000;66151000000;0.79;0.08;2564;N/A;0.09;0.07;0.08;0.07;0.06;450128;529;-0.86;-0.16;International Airline Group;1;0;0;4.6234
Q4_2015;0.15;0.12;0.14;N/A;0.12;N/A;0.83;N/A;529;0.68;0.2;0.14;0.11;0.15;0.1;0.45;0.11;0.05;5.4;0.28;0.84;0.24;0.82;0.19;0.75;0.8;12.6;44.4;5.4;1.65;0.53;0.7;8.4;21.8;8.1;22.6;N/A;0.95;0.04;N/A;0.08;N/A;N/A;49695000;1.21E+11;1.45E+11;N/A;N/A;2437;N/A;0.09;0.08;0.09;0.07;0.05;N/A;529;0.22;0.04;International Airline Group;1;0;0;5.4841
Q3_2015;N/A;N/A;N/A;N/A;N/A;N/A;N/A;N/A;472;N/A;N/A;N/A;N/A;0.19;N/A;N/A;N/A;N/A;N/A;N/A;N/A;N/A;N/A;N/A;N/A;N/A;N/A;N/A;N/A;N/A;N/A;N/A;N/A;N/A;N/A;N/A;N/A;N/A;N/A;N/A;N/A;N/A;N/A;N/A;N/A;N/A;N/A;N/A;N/A;N/A;N/A;N/A;N/A;N/A;N/A;N/A;472;0.65;0.14;International Airline Group;1;0;0;5.2681
Q2_2015;0.15;0.12;0.13;N/A;0.12;N/A;0.79;N/A;472;0.61;0.11;0.05;0.04;0.19;0.03;0.41;0.04;0.02;5.68;0.1;0.78;0.08;0.37;0.03;0.8;0.85;4.3;48.1;5.68;1.49;0.51;1;6.6;27.6;8.9;20.5;N/A;0.85;0.02;N/A;0.02;N/A;N/A;38638000;1.01E+11;1.27E+11;0.79;N/A;2611;N/A;0.09;0.07;N/A;0.08;0.05;860439;472;-0.89;-0.16;International Airline Group;1;0;0;4.6185
Q1_2015;N/A;N/A;N/A;N/A;N/A;N/A;N/A;N/A;459;N/A;N/A;N/A;N/A;-0.35;N/A;N/A;N/A;N/A;N/A;N/A;N/A;N/A;N/A;N/A;N/A;N/A;N/A;N/A;N/A;N/A;N/A;N/A;N/A;N/A;N/A;N/A;N/A;N/A;N/A;N/A;N/A;N/A;N/A;N/A;N/A;N/A;N/A;N/A;N/A;N/A;N/A;N/A;N/A;N/A;N/A;N/A;459;1.37;0.33;International Airline Group;1;0;0;5.5114
Q4_2014;0.15;0.12;0.13;N/A;0.12;N/A;0.82;N/A;459;0.63;0.17;0.07;0.06;-0.35;0.08;0.46;0.06;0.03;6.79;0.17;1.33;0.23;1;0.23;0.71;0.76;11.1;43.9;6.79;1.9;0.57;0.67;7.2;25.3;9.8;18.6;N/A;0.95;0.03;0.07;0.07;N/A;N/A;41854000;1.07E+11;1.31E+11;N/A;N/A;2562;N/A;0.09;0.07;0.08;0.07;0.05;N/A;459;1.02;0.33;International Airline Group;1;0;0;4.1422
Q3_2014;N/A;N/A;N/A;N/A;N/A;N/A;N/A;N/A;459;N/A;N/A;N/A;N/A;0.38;N/A;N/A;N/A;N/A;N/A;N/A;N/A;N/A;N/A;N/A;N/A;N/A;N/A;N/A;N/A;N/A;N/A;N/A;N/A;N/A;N/A;N/A;N/A;N/A;N/A;N/A;N/A;N/A;N/A;N/A;N/A;N/A;N/A;N/A;N/A;N/A;N/A;N/A;N/A;N/A;N/A;N/A;459;0.06;0.02;International Airline Group;1;0;0;3.1189
Q2_2014;0.14;0.11;0.12;N/A;0.12;N/A;0.79;N/A;459;0.6;0.09;0.03;0.02;0.38;0.01;0.42;0.02;0.01;5.53;0.04;0.55;0.02;1;0.02;0.72;0.76;2.2;49.7;5.53;1.33;0.5;1.43;6.1;30;9.3;19.7;N/A;0.87;N/A;N/A;0.01;N/A;N/A;35480000;95331000000;1.21E+11;0.79;N/A;2687;N/A;0.09;0.07;0.08;0.08;0.05;N/A;459;-0.28;-0.08;International Airline Group;1;0;0;3.0637
Q1_2014;N/A;N/A;N/A;N/A;N/A;N/A;N/A;N/A;431;N/A;N/A;N/A;N/A;0.4;N/A;N/A;N/A;N/A;N/A;N/A;N/A;N/A;N/A;N/A;N/A;N/A;N/A;N/A;N/A;N/A;N/A;N/A;N/A;N/A;N/A;N/A;N/A;N/A;N/A;N/A;N/A;N/A;N/A;N/A;N/A;N/A;N/A;N/A;N/A;N/A;N/A;N/A;N/A;N/A;N/A;N/A;431;0.14;0.04;International Airline Group;1;0;0;3.3416
Q4_2013;0;-0.01;-0.01;N/A;0;N/A;-0.03;N/A;431;0.58;0.06;0.04;0.03;0.4;0.02;N/A;0.03;N/A;5.32;N/A;0.46;N/A;1;N/A;0.67;0.72;N/A;N/A;5.32;1.31;0.49;N/A;N/A;N/A;N/A;N/A;N/A;N/A;N/A;0.06;N/A;N/A;N/A;38131000;1.00E+11;1.22E+11;N/A;N/A;2625;N/A;0.09;0.07;N/A;0.07;0.05;N/A;431;0.52;0.19;International Airline Group;1;0;0;3.2004
Q3_2013;0.14;0.12;0.14;N/A;0.12;N/A;0.85;N/A;459;0.61;0.17;0.13;0.11;0.05;0.11;N/A;0.11;N/A;N/A;N/A;0.95;N/A;1;N/A;N/A;N/A;N/A;N/A;N/A;N/A;N/A;N/A;N/A;N/A;N/A;N/A;N/A;N/A;N/A;N/A;N/A;N/A;N/A;21317000;53842000000;63594000000;0.85;N/A;2526;N/A;0.09;0.08;N/A;0.07;0.05;N/A;459;0.64;0.31;International Airline Group;1;0;0;2.6798
Q2_2013;0;0;0;N/A;-0.01;N/A;0.02;N/A;459;0.6;0.16;0.05;0.03;0.23;0.03;N/A;0.03;N/A;9.57;N/A;0.7;N/A;1;N/A;0.68;0.73;N/A;N/A;9.57;2.21;0.58;N/A;N/A;N/A;N/A;N/A;N/A;N/A;N/A;N/A;N/A;N/A;N/A;29137000;86378000000;1.09E+11;0.8;N/A;2965;N/A;0.09;0.07;0.08;0.08;0.05;N/A;459;0.05;0.03;International Airline Group;1;0;0;2.0426
Q1_2013;0.14;0.11;0.13;N/A;0.14;N/A;0.77;N/A;377;0.55;0.06;-0.15;-0.17;-0.07;-0.16;N/A;-0.17;N/A;N/A;N/A;N/A;N/A;N/A;N/A;N/A;N/A;N/A;N/A;N/A;N/A;N/A;N/A;N/A;N/A;N/A;N/A;N/A;N/A;N/A;N/A;N/A;N/A;N/A;11772000;38986000000;50359000000;0.77;N/A;3312;N/A;0.09;0.07;0.08;0.08;0.06;N/A;377;0.48;0.32;International Airline Group;1;0;0;1.9876
Q4_2012;0;-0.01;0.15;N/A;0.01;N/A;-0.06;N/A;377;0.58;0.05;-0.12;-0.14;-0.07;-0.16;N/A;-0.14;N/A;7.09;N/A;N/A;N/A;N/A;N/A;0.61;0.66;N/A;N/A;7.09;1.79;0.53;N/A;N/A;N/A;N/A;N/A;N/A;N/A;N/A;N/A;N/A;N/A;N/A;13117000;42168000000;53607000000;0.79;N/A;3215;N/A;0.09;0.07;N/A;0.09;0.06;N/A;377;0.27;0.22;International Airline Group;1;0;0;1.5067
Q3_2012;0.14;0.12;0.14;N/A;0.13;N/A;0.85;N/A;398;0.58;0.1;0.05;0.05;-0.07;0.05;N/A;0.05;N/A;N/A;N/A;0.92;N/A;1;N/A;N/A;N/A;N/A;N/A;N/A;N/A;N/A;N/A;N/A;N/A;N/A;N/A;N/A;N/A;N/A;N/A;N/A;N/A;N/A;15762000;49379000000;58298000000;0.85;N/A;3133;N/A;0.09;0.08;N/A;0.08;0.05;N/A;398;-0.07;-0.05;International Airline Group;1;0;0;1.2399
Q2_2012;0;0.01;0.01;N/A;0;N/A;0.03;N/A;398;0.56;0.17;-0.01;-0.02;0.23;-0.02;N/A;-0.02;N/A;4.23;N/A;N/A;N/A;N/A;N/A;0.73;0.78;N/A;N/A;4.23;1.03;0.43;N/A;N/A;N/A;N/A;N/A;N/A;N/A;N/A;N/A;N/A;N/A;N/A;25721000;84555000000;1.07E+11;0.79;N/A;3287;N/A;0.09;0.07;N/A;0.08;0.05;N/A;398;-0.11;-0.08;International Airline Group;1;0;0;1.3099
Q1_2012;0.14;0.1;0.12;N/A;0.13;N/A;0.76;N/A;398;0.54;0;-0.05;-0.06;0.23;-0.03;N/A;-0.06;N/A;N/A;N/A;N/A;N/A;N/A;N/A;N/A;N/A;N/A;N/A;N/A;N/A;N/A;N/A;N/A;N/A;N/A;N/A;N/A;N/A;N/A;N/A;N/A;N/A;N/A;11384000;39140000000;51425000000;0.76;N/A;3438;N/A;0.08;0.06;N/A;0.08;0.05;N/A;N/A;N/A;N/A;International Airline Group;1;0;0;1.4209
