﻿Period;Passenger_rev_per_RPM;Passenger_rev_per_ASM;Total_rev_per_ASM;Fuel_expense_per_ASM;Operating_expense_per_ASM;Break_even_load_factor;Passenger_load_factor;Aircraft_utlization_(h_per_day);N_planes;Gross_margin;EBITDA_margin;Operating_margin;Pretax_margin;Effective_tax_rate;Net_margin;Asset_turnover;X_pretax_margin;Pretax_ROA;x_Leverage_(assets/equity);Pretax_ROE;x_Tax_complement;ROE;x_Earnings_retention;Reinvestment_rate;Quick_ratio;Current_ratio;Times_interest_earned;Cash_cycle_(days);Assets/Equity;Debt/Equity;%_LT_Debt_to_total_capital;Net_debt/EBITDA;A/R_Turnover;Avg_A/R_days;Inventory_turnover;Avg_inventory_days;Avg_A/P_days;Fixed_asset_turnover;WC_/_Sales_Growth;Bad_debt_allowance_(%_of_A/R);ROIC;Revenue_per_employee;Total_passengers;Revenue_passengers;Revenue_passenger_kilometers_(RPK);Available_seat_kilometers_(ASK);Total_load_factor_%;Revenue_per_ASK;Passenger_haul_avg_length_(kilometers);Passenger_revenue_per_RPK;Passenger_revenue_per_ASK;Operating_revenue_per_ASK;Fuel_cost_per_liter;Fuel_consumed_liters;Total_aircraft_utilization_(hours_per_day);Average_number_of_operating_aircrafts;Number_of_hours_flown;Fleet_size;Net;%Chg;Airline;EU;US;Low_cost;Close_price
Q1_2022;N/A;N/A;N/A;N/A;N/A;N/A;N/A;N/A;362;0.168;0.198;0.053;0.039;-0.342;0.053;0.11;0.039;0.004;3.78;0.017;1.34;0.023;1;0.023;0.69;0.73;2.2;30;3.78;1.99;0.471;19.4;1.8;51.8;9.3;9.8;31.5;0.16;-0.1;N/A;0.008;N/A;N/A;N/A;N/A;N/A;N/A;N/A;N/A;N/A;N/A;N/A;N/A;N/A;N/A;N/A;N/A;362;0.665;0.503;Turkish Airlines;1;0;0;1.987387526
Q4_2021;N/A;N/A;N/A;N/A;N/A;N/A;N/A;N/A;362;0.257;0.321;0.187;0.064;-0.061;0.068;0.12;0.064;0.008;3.88;0.032;1.06;0.034;1;0.034;0.69;0.73;7.3;26.4;3.88;2.18;0.502;12.01;1.9;48.7;9.3;9.8;32.1;0.17;0.041;N/A;0.011;N/A;N/A;N/A;N/A;N/A;N/A;N/A;N/A;N/A;N/A;N/A;N/A;N/A;N/A;N/A;N/A;362;-0.033;-0.024;Turkish Airlines;1;0;0;1.322518846
Q3_2021;N/A;N/A;N/A;N/A;N/A;N/A;N/A;N/A;362;0.291;0.343;0.212;0.256;0.155;0.216;0.13;0.256;0.033;4.16;0.143;0.84;0.121;1;0.121;0.72;0.76;8.4;26.3;4.16;2.5;0.517;11.71;1.9;48.3;8.9;10.2;32.2;0.17;0.421;N/A;0.037;N/A;N/A;N/A;N/A;N/A;N/A;N/A;N/A;N/A;N/A;N/A;N/A;N/A;N/A;N/A;N/A;362;0.06;0.046;Turkish Airlines;1;0;0;1.355533974
Q2_2021;N/A;N/A;N/A;N/A;N/A;N/A;N/A;N/A;362;0.161;0.244;0.052;-0.041;-1.033;-0.028;0.08;-0.041;-0.003;4.65;-0.016;N/A;-0.011;N/A;-0.011;0.64;0.68;1.4;47.6;4.65;2.89;0.548;26.58;1.2;74.5;6.6;13.8;40.6;0.11;0.228;N/A;-0.003;N/A;N/A;N/A;N/A;N/A;N/A;N/A;N/A;N/A;N/A;N/A;N/A;N/A;N/A;N/A;N/A;362;-0.023;-0.017;Turkish Airlines;1;0;0;1.295770316
Q1_2021;N/A;N/A;N/A;N/A;N/A;N/A;0.626;N/A;362;0.096;0.208;-0.023;0.017;-1.033;0.034;0.07;0.017;0.001;4.41;0.005;2.03;0.011;1;0.011;0.61;0.66;-0.6;60.1;4.41;2.78;0.544;39;1;89.3;5.5;16.4;45.6;0.09;0.089;N/A;0.003;N/A;6442929;N/A;N/A;N/A;0.626;N/A;N/A;N/A;N/A;N/A;0.43;809000000;N/A;N/A;N/A;362;-0.104;-0.073;Turkish Airlines;1;0;0;1.318722328
Q4_2020;N/A;N/A;N/A;N/A;N/A;N/A;N/A;N/A;363;0.151;0.299;0.063;-0.005;0.147;-0.028;0.07;-0.005;0;4.74;-0.001;N/A;-0.009;N/A;-0.009;0.6;0.65;0.6;61.1;4.74;3.1;0.555;27.15;1;93.6;4.9;18.7;51.2;0.09;0.219;N/A;-0.003;N/A;N/A;N/A;N/A;N/A;N/A;N/A;N/A;N/A;N/A;N/A;N/A;N/A;N/A;N/A;N/A;363;0.261;0.225;Turkish Airlines;1;0;0;1.422323466
Q3_2020;N/A;N/A;N/A;N/A;N/A;N/A;N/A;N/A;360;0.084;0.219;0.054;-0.162;0.147;-0.086;0.06;-0.162;-0.01;4.34;-0.043;N/A;-0.023;N/A;-0.023;0.56;0.61;-1;71.3;4.34;2.7;0.539;39.84;0.8;109.9;4.4;21.1;59.8;0.08;1.084;N/A;-0.007;N/A;21600000;N/A;N/A;N/A;0.733;N/A;N/A;N/A;N/A;N/A;0.52;2259000000;6.5;N/A;N/A;360;-0.466;-0.286;Turkish Airlines;1;0;0;1.161345698
Q2_2020;N/A;N/A;N/A;N/A;N/A;N/A;N/A;N/A;362;-0.11;0.255;-0.131;-0.275;0.147;-0.363;0.04;-0.275;-0.01;4.15;-0.04;N/A;-0.053;N/A;-0.053;0.59;0.64;-2.4;101.2;4.15;2.44;0.522;55.03;0.6;161.6;3.1;29.2;89.6;0.05;-1.905;N/A;-0.018;N/A;N/A;N/A;N/A;N/A;N/A;N/A;N/A;N/A;N/A;N/A;0.51;352000000;N/A;N/A;N/A;362;0.383;0.308;Turkish Airlines;1;0;0;1.627398949
Q1_2020;N/A;N/A;N/A;N/A;N/A;N/A;0.755;10.3;361;0.023;0.052;-0.128;-0.167;0.147;-0.129;0.1;-0.167;-0.017;3.94;-0.064;N/A;-0.05;N/A;-0.05;0.56;0.61;-3.8;27.6;3.94;2.25;0.529;89.41;1.6;55.4;8.2;11.1;38.9;0.14;-0.297;N/A;-0.017;N/A;13393306;N/A;N/A;N/A;0.755;N/A;N/A;N/A;N/A;N/A;0.58;1232000000;10.3;320;303354;361;-0.925;-0.426;Turkish Airlines;1;0;0;1.243952352
Q4_2019;N/A;N/A;N/A;N/A;N/A;N/A;N/A;N/A;350;0.161;0.509;0.102;0.12;0.147;0.102;0.13;0.12;0.016;3.6;0.058;0.85;0.05;1;0.05;0.75;0.8;3;22.4;3.6;1.95;0.507;6.48;1.9;48.7;9.6;9.4;35.8;0.19;-0.041;N/A;0.018;N/A;17885500;N/A;N/A;N/A;N/A;N/A;N/A;N/A;N/A;N/A;0.59;1487000000;N/A;N/A;N/A;350;0.157;0.078;Turkish Airlines;1;0;0;2.168696111
Q3_2019;N/A;N/A;N/A;N/A;N/A;N/A;N/A;N/A;344;0.271;0.264;0.169;0.2;0.179;0.164;0.17;0.2;0.034;3.61;0.129;0.82;0.106;1;0.106;0.69;0.74;10.6;24.9;3.61;1.91;0.508;10.12;1.9;48.4;10.9;8.3;31.8;0.24;0.045;N/A;0.038;N/A;21314500;N/A;N/A;N/A;N/A;N/A;N/A;N/A;N/A;N/A;0.59;1628000000;N/A;N/A;N/A;344;0.052;0.027;Turkish Airlines;1;0;0;2.011347226
Q2_2019;N/A;N/A;N/A;N/A;N/A;N/A;N/A;N/A;357;0.135;0.125;0.005;-0.01;1.039;0.008;0.14;-0.01;-0.001;3.99;-0.006;N/A;0.004;1;0.004;0.73;0.77;0.4;39.8;3.99;2.15;0.524;26.23;1.4;64.7;11.7;7.8;32.6;0.2;-0.08;N/A;0.002;N/A;N/A;N/A;N/A;N/A;N/A;N/A;N/A;N/A;N/A;N/A;0.59;1470000000;N/A;N/A;N/A;357;-0.121;-0.058;Turkish Airlines;1;0;0;1.959258618
Q1_2019;0.107;0.086;0.104;0.032;N/A;N/A;0.801;11.5;336;0.095;0.071;-0.054;-0.102;1.039;-0.083;0.13;-0.102;-0.013;3.89;-0.048;N/A;-0.039;N/A;-0.039;0.76;0.8;-2.5;35.8;3.89;2.12;0.526;47.75;1.4;64.6;12.4;7.4;36.2;0.19;-0.272;N/A;-0.014;N/A;16751883;N/A;34152000000;42652000000;0.801;0.057;N/A;0.059;0.047;0.057;0.55;1361000000;11.5;327;344112;336;-0.576;-0.217;Turkish Airlines;1;0;0;2.080515296
Q4_2018;N/A;N/A;N/A;N/A;N/A;N/A;N/A;N/A;361;0.118;0.105;0.014;0.017;1.039;-0.001;0.14;0.017;0.002;3.49;0.008;-0.04;0;N/A;0;0.83;0.87;0.6;28.2;3.49;1.78;0.498;25.31;1.6;56.8;14.8;6.1;34.7;0.22;-0.076;N/A;0;N/A;N/A;N/A;N/A;N/A;N/A;N/A;N/A;N/A;N/A;N/A;N/A;N/A;N/A;N/A;N/A;361;-0.06;-0.022;Turkish Airlines;1;0;0;2.656472795
Q3_2018;N/A;N/A;N/A;N/A;N/A;N/A;N/A;N/A;328;0.326;0.308;0.227;0.22;0.173;0.182;0.19;0.22;0.043;3.36;0.149;0.83;0.123;1;0.123;1.02;1.05;14.7;15.6;3.36;1.67;0.49;6.06;2.2;41.4;14.3;6.4;32.2;0.3;0.209;N/A;0.047;N/A;N/A;N/A;N/A;N/A;N/A;N/A;N/A;N/A;N/A;N/A;N/A;N/A;N/A;N/A;N/A;328;0.189;0.075;Turkish Airlines;1;0;0;2.716013592
Q2_2018;N/A;N/A;N/A;N/A;N/A;N/A;N/A;N/A;328;0.211;0.173;0.068;0.046;0.136;0.04;0.17;0.046;0.008;3.62;0.028;0.86;0.024;1;0.024;0.92;0.96;5.2;18.2;3.62;1.79;0.516;13.14;2.1;42.5;12.2;7.5;31.7;0.25;0.113;N/A;0.009;N/A;N/A;N/A;N/A;N/A;N/A;N/A;N/A;N/A;N/A;N/A;0.54;1443000000;N/A;N/A;N/A;328;-1.395;-0.356;Turkish Airlines;1;0;0;2.527021848
Q1_2018;N/A;N/A;N/A;N/A;N/A;N/A;N/A;N/A;328;0.151;0.102;0.015;-0.039;0.181;-0.031;0.15;-0.039;-0.006;3.64;-0.021;N/A;-0.016;N/A;-0.016;0.74;0.78;0.2;11.5;3.64;1.82;0.512;25.34;2.5;37;11.7;7.8;33.3;0.21;-0.09;N/A;-0.006;N/A;N/A;N/A;N/A;N/A;N/A;N/A;N/A;N/A;N/A;N/A;0.5;1315000000;N/A;N/A;N/A;328;0.471;0.136;Turkish Airlines;1;0;0;3.922426331
Q4_2017;N/A;N/A;N/A;N/A;N/A;N/A;N/A;N/A;325;0.117;0.113;0.024;-0.011;0.181;-0.015;0.15;-0.011;-0.002;3.4;-0.006;N/A;-0.008;N/A;-0.008;0.8;0.85;0;8.5;3.4;1.7;0.509;22.23;2.8;32.5;12;7.6;31.6;0.21;0.044;N/A;-0.003;N/A;N/A;N/A;N/A;N/A;N/A;N/A;N/A;N/A;N/A;N/A;0.5;1312000000;N/A;N/A;N/A;325;1.373;0.66;Turkish Airlines;1;0;0;3.451924228
Q3_2017;N/A;N/A;N/A;N/A;N/A;N/A;N/A;N/A;325;0.347;0.322;0.26;0.236;0.181;0.193;0.19;0.236;0.046;3.51;0.172;0.82;0.141;1;0.141;0.84;0.88;17.2;4;3.51;1.82;0.487;6.09;3.6;25.4;10.8;8.5;29.9;0.28;0.259;N/A;0.052;N/A;N/A;N/A;N/A;N/A;N/A;N/A;N/A;N/A;N/A;N/A;0.49;1424000000;N/A;N/A;N/A;325;0.077;0.039;Turkish Airlines;1;0;0;2.079251691
Q2_2017;0.105;0.082;0.095;0.025;N/A;N/A;0.775;N/A;336;0.194;0.159;0.072;-0.033;0.277;-0.023;0.14;-0.033;-0.005;4;-0.019;N/A;-0.013;N/A;-0.013;0.71;0.75;3.1;19.1;4;2.15;0.509;19.14;2.4;38.7;9.4;9.7;29.3;0.2;0.051;N/A;-0.005;N/A;17243483;N/A;34334000000;44275000000;0.775;0.054;N/A;0.059;0.046;0.054;0.48;1318000000;N/A;N/A;343491;336;0.589;0.416;Turkish Airlines;1;0;0;2.001934975
Q1_2017;0.1;0.074;0.088;0.026;N/A;N/A;0.742;10.4;337;0.059;0.04;-0.087;-0.229;0.277;-0.188;0.11;-0.229;-0.025;3.95;-0.093;N/A;-0.076;N/A;-0.076;0.67;0.72;-3.6;37;3.95;2.23;0.525;108.03;1.6;57;8.4;10.8;30.8;0.15;-0.214;N/A;-0.027;N/A;13037526;N/A;26942000000;36334000000;0.742;0.051;N/A;0.058;0.043;0.051;0.51;1080000000;10.4;304;291291;337;0.062;0.046;Turkish Airlines;1;0;0;1.413421991
Q4_2016;0.102;0.076;0.09;0.026;N/A;N/A;0.747;N/A;334;0.089;0.104;-0.061;0.239;0.277;0.173;0.12;0.239;0.029;3.63;0.11;0.72;0.079;1;0.079;0.75;0.8;-1.1;38.1;3.63;2.01;0.51;37.71;1.6;58.1;8.7;10.5;30.5;0.17;-0.076;N/A;0.027;N/A;N/A;N/A;29832000000;39957000000;0.747;0.052;N/A;0.059;0.044;0.052;0.5;1190000000;N/A;N/A;N/A;334;-0.175;-0.114;Turkish Airlines;1;0;0;1.351266623
Q3_2016;0.115;0.087;0.097;0.025;N/A;N/A;0.759;N/A;333;0.203;0.182;0.088;0.077;0.186;0.063;0.16;0.077;0.012;4.01;0.05;0.81;0.041;1;0.041;0.78;0.84;5.1;31.1;4.01;2.28;0.565;16.54;1.8;50.4;9.7;9.4;28.6;0.22;0.09;N/A;0.013;N/A;N/A;N/A;36726000000;48362000000;0.759;0.054;N/A;0.064;0.049;0.054;0.48;1419000000;N/A;N/A;N/A;333;-0.265;-0.148;Turkish Airlines;1;0;0;1.525864087
Q2_2016;0.11;0.081;0.093;0.025;N/A;N/A;0.734;N/A;329;0.091;0.046;-0.081;-0.116;0.119;-0.092;0.14;-0.116;-0.016;4.08;-0.063;N/A;-0.051;N/A;-0.051;0.72;0.77;-4.2;42.9;4.08;2.19;0.602;71.7;1.5;61.9;10;9.1;28.1;0.19;-0.009;N/A;-0.017;N/A;15881816;N/A;31202000000;42516000000;0.734;0.051;N/A;0.061;0.045;0.051;0.47;1257000000;N/A;N/A;343610;329;-0.64;-0.263;Turkish Airlines;1;0;0;1.790952821
Q1_2016;0.107;0.079;0.09;0.025;N/A;N/A;0.74;11.6;306;0.054;0.009;-0.098;-0.245;0.119;-0.192;0.13;-0.245;-0.032;3.81;-0.115;N/A;-0.09;N/A;-0.09;0.73;0.78;-5.1;52;3.81;1.93;0.575;356.3;1.3;71.5;9.6;9.5;29;0.19;-0.148;N/A;-0.033;N/A;14169235;N/A;29055000000;39257000000;0.74;0.051;N/A;0.06;0.045;0.051;0.46;1184000000;11.6;305;325031;306;0.098;0.042;Turkish Airlines;1;0;0;2.431304368
Q4_2015;0.116;0.087;0.099;0.028;N/A;N/A;0.748;N/A;299;0.131;0.104;0;0.088;0.119;0.078;0.15;0.088;0.013;3.38;0.045;0.88;0.04;1;0.04;0.76;0.81;-0.2;46.4;3.38;1.58;0.531;25.37;1.4;65.6;8.9;10.2;29.4;0.22;-0.083;N/A;0.015;N/A;14783652;N/A;30041000000;40174000000;0.748;0.056;N/A;0.066;0.049;0.056;0.55;1173000000;N/A;N/A;1012771;299;-0.025;-0.01;Turkish Airlines;1;0;0;2.333042788
Q3_2015;0.139;0.113;0.124;0.031;N/A;N/A;0.811;N/A;298;0.313;0.285;0.215;0.189;0.237;0.144;0.2;0.189;0.038;3.41;0.133;0.76;0.102;1;0.102;0.83;0.9;17.5;32.1;3.41;1.56;0.548;6.45;1.8;49.8;8.5;10.7;28.3;0.3;0.123;N/A;0.039;N/A;N/A;N/A;34283000000;42294000000;0.811;0.069;N/A;0.078;0.063;0.069;0.58;1273000000;N/A;N/A;N/A;298;-0.59;-0.2;Turkish Airlines;1;0;0;2.357693953
Q2_2015;N/A;N/A;N/A;N/A;N/A;N/A;N/A;N/A;282;0.174;0.128;0.068;0.126;0.222;0.098;0.17;0.126;0.022;3.52;0.075;0.78;0.058;1;0.058;0.81;0.87;2.9;49.8;3.52;1.54;0.545;16.72;1.4;66.8;8.7;10.5;27.4;0.26;0.109;N/A;0.023;N/A;N/A;N/A;N/A;N/A;N/A;N/A;N/A;N/A;N/A;N/A;N/A;N/A;N/A;N/A;N/A;282;-0.135;-0.044;Turkish Airlines;1;0;0;2.947896602
Q1_2015;N/A;N/A;N/A;N/A;N/A;N/A;N/A;N/A;268;0.137;0.088;0.008;0.111;0.381;0.069;0.16;0.111;0.018;3.42;0.061;0.62;0.038;1;0.038;0.74;0.8;-0.2;55.3;3.42;1.41;0.524;26.91;1.2;75.1;9;10.1;29.9;0.24;-0.151;N/A;0.015;N/A;N/A;N/A;N/A;N/A;N/A;N/A;N/A;N/A;N/A;N/A;N/A;N/A;N/A;N/A;N/A;268;-0.329;-0.096;Turkish Airlines;1;0;0;3.082879814
Q4_2014;0.136;0.104;0.119;39.87;N/A;N/A;0.765;N/A;261;0.141;0.082;-0.007;0.061;0.208;0.048;0.18;0.061;0.011;3.48;0.039;0.79;0.031;1;0.031;0.72;0.77;0.3;37.2;3.48;1.5;0.538;24.68;1.5;58.9;11.5;7.9;29.6;0.27;-0.045;N/A;0.012;N/A;N/A;13292000;26141000000;34192000000;0.765;0.059;1967;0.068;0.052;0.059;0.66;1.03E+12;N/A;N/A;N/A;261;1.162;0.517;Turkish Airlines;1;0;0;3.411458967
Q3_2014;0.164;0.133;0.146;0.05;N/A;N/A;0.81;N/A;265;0.262;0.22;0.161;0.246;0.22;0.192;0.24;0.246;0.06;3.42;0.219;0.78;0.171;1;0.171;0.87;0.92;19.3;22.9;3.42;1.51;0.541;6.89;2.1;43.6;13.2;6.9;27.6;0.37;0.174;N/A;0.064;N/A;N/A;15176000;29644000000;35578000000;0.833;0.07;1953;0.077;0.064;0.07;0;1.11E+12;N/A;N/A;N/A;265;0.011;0.005;Turkish Airlines;1;0;0;2.249088474
Q2_2014;0.153;0.123;0.137;0.048;N/A;N/A;0.802;N/A;233;0.199;0.141;0.081;0.074;0.124;0.065;0.22;0.074;0.016;3.97;0.065;0.88;0.057;1;0.057;0.73;0.77;5.6;26.2;3.97;1.81;0.579;12.33;2;46.5;13;7;27.4;0.33;0.111;N/A;0.02;N/A;N/A;26194962;27414000000;35200000000;0.779;0.06;1047;0.069;0.054;0.06;0.71;1039000000;N/A;N/A;N/A;233;0.001;0;Turkish Airlines;1;0;0;2.238236413
Q1_2014;0.137;0.107;0.123;0.048;N/A;N/A;0.777;N/A;241;0.1;0.036;-0.036;-0.059;0.217;-0.044;0.19;-0.059;-0.011;3.93;-0.042;N/A;-0.032;N/A;-0.032;0.64;0.68;-2.3;28.9;3.93;1.8;0.577;59.23;1.8;51;12.6;7.2;29.4;0.28;-0.113;N/A;-0.011;N/A;N/A;12038;23588000000;30361000000;0.777;0.056;1959462;0.063;0.049;0.056;0.73;908000000;N/A;N/A;N/A;241;0.053;0.024;Turkish Airlines;1;0;0;2.237500491
Q4_2013;0.146;0.112;0.128;0.051;N/A;N/A;0.768;N/A;233;0.11;0.054;-0.001;-0.034;0.217;-0.029;0.2;-0.034;-0.007;3.65;-0.025;N/A;-0.021;N/A;-0.021;0.63;0.68;-1.4;24.7;3.65;1.66;0.56;35.58;2;46.6;14.5;6.3;28.1;0.3;-0.077;N/A;-0.008;N/A;N/A;12069000;23308000000;30342000000;0.768;0.059;1931;0.067;0.051;0.059;0.7;1010000000;N/A;N/A;N/A;233;-0.64;-0.227;Turkish Airlines;1;0;0;2.184315897
Q3_2013;0.165;0.134;0.145;0.051;N/A;N/A;0.813;N/A;231;0.256;0.203;0.147;0.158;0.217;0.124;0.24;0.158;0.039;3.58;0.143;0.78;0.112;1;0.112;0.74;0.78;11.5;16.9;3.58;1.6;0.553;7.48;2.4;38.4;16.2;5.6;27.1;0.37;0.028;N/A;0.041;N/A;N/A;13796000;26006000000;31984000000;0.813;0.068;1885;0.078;0.063;0.068;0.71;1067000000;N/A;N/A;N/A;231;-0.168;-0.056;Turkish Airlines;1;0;0;2.824351902
Q2_2013;0.147;0.117;0.139;0.013;N/A;N/A;0.798;N/A;223;0.223;0.167;0.1;0.056;0.444;0.031;0.22;0.056;0.012;3.86;0.047;0.56;0.026;1;0.026;0.7;0.74;6.4;20.6;3.86;1.72;0.569;9.69;2.2;40.8;13.4;6.8;27.1;0.33;-0.052;N/A;0.01;N/A;N/A;12392000;23204000000;29094000000;0.798;0.066;1872;0.07;0.056;0.066;0.19;963000000;N/A;N/A;N/A;223;0.231;0.084;Turkish Airlines;1;0;0;2.99237077
Q1_2013;0.146;0.114;0.131;0.089;N/A;N/A;0.779;N/A;212;0.122;0.069;-0.019;-0.008;-0.25;-0.006;0.19;-0.008;-0.001;3.78;-0.005;N/A;-0.004;N/A;-0.004;0.75;0.8;-0.8;25.6;3.78;1.69;0.565;27.9;2;44.6;11.5;7.9;26.9;0.28;-0.297;N/A;-0.002;N/A;N/A;10013000;19485000000;25003000000;0.779;0.062;1946;0.069;0.054;0.062;1.26;827000000;N/A;N/A;N/A;212;0.484;0.212;Turkish Airlines;1;0;0;2.761327869
Q4_2012;0.156;0.12;0.129;N/A;N/A;N/A;0.771;N/A;202;0.14;0.106;-0.006;0.06;-0.25;0.075;0.2;0.06;0.012;3.47;0.042;1.25;0.053;0.38;0.02;0.8;0.86;0.4;26.6;3.47;1.6;0.554;15.62;2;45.6;13.1;7;25.9;0.3;-0.071;0.047;0.02;N/A;N/A;9911000;19318000000;25062000000;N/A;0.062;1949;0.075;0.058;0.062;N/A;748000000;N/A;N/A;N/A;202;0.884;0.634;Turkish Airlines;1;0;0;2.277611494
Q3_2012;N/A;N/A;N/A;N/A;N/A;N/A;N/A;N/A;201;0.337;0.287;0.228;0.226;0.297;0.159;0.24;0.226;0.055;3.61;0.208;0.7;0.146;1;0.146;1.17;1.22;27.5;16.8;3.61;1.64;0.56;4.37;2.2;40.6;12.8;7.1;31;0.38;0.106;N/A;0.053;N/A;N/A;N/A;N/A;N/A;N/A;N/A;N/A;N/A;N/A;N/A;N/A;N/A;N/A;N/A;N/A;201;0.205;0.173;Turkish Airlines;1;0;0;1.39384351
Q2_2012;N/A;N/A;N/A;N/A;N/A;N/A;N/A;N/A;201;0.215;0.138;0.084;0.15;0.641;0.054;0.22;0.15;0.033;3.98;0.127;0.36;0.046;1;0.046;0.96;1.01;4.9;20.7;3.98;1.85;0.586;11.15;2;46.4;11.2;8.2;33.9;0.33;-0.012;N/A;0.016;N/A;N/A;N/A;N/A;N/A;N/A;N/A;N/A;N/A;N/A;N/A;N/A;N/A;N/A;N/A;N/A;201;0.253;0.27;Turkish Airlines;1;0;0;1.188704569
Q1_2012;N/A;N/A;N/A;N/A;N/A;N/A;N/A;N/A;201;0.077;0.017;-0.057;-0.14;0.641;-0.01;0.18;-0.14;-0.025;3.81;-0.093;N/A;-0.007;N/A;-0.007;0.95;1.02;-3.1;31.9;3.81;1.81;0.58;120.21;1.6;55.7;9.8;9.3;33.1;0.27;-0.001;0.04;-0.002;N/A;N/A;N/A;N/A;N/A;N/A;N/A;N/A;N/A;N/A;N/A;N/A;N/A;N/A;N/A;N/A;201;N/A;N/A;Turkish Airlines;1;0;0;0.936044181
