﻿Period;Passenger_rev_per_RPM;Passenger_rev_per_ASM;Total_rev_per_ASM;Fuel_expense_per_ASM;Operating_expense_per_ASM;Break_even_load_factor;Passenger_load_factor;Aircraft_utlization_(h_per_day);N_planes;Gross_margin;EBITDA_margin;Operating_margin;Pretax_margin;Effective_tax_rate;Net_margin;Asset_turnover;X_pretax_margin;Pretax_ROA;x_Leverage_(assets/equity);Pretax_ROE;x_Tax_complement;ROE;x_Earnings_retention;Reinvestment_rate;Quick_ratio;Current_ratio;Times_interest_earned;Cash_cycle_(days);Assets/Equity;Debt/Equity;%_LT_Debt_to_total_capital;Net_debt/EBITDA;A/R_Turnover;Avg_A/R_days;Inventory_turnover;Avg_inventory_days;Avg_A/P_days;Fixed_asset_turnover;WC_/_Sales_Growth;Bad_debt_allowance_(%_of_A/R);ROIC;Revenue_per_employee;EBITDAR;Total_passengers;Revenue_passenger_kilometers_(RPK);Available_seat_kilometers_(ASK);Total_load_factor_%;Revenue_per_ASK;Aircraft_stage_avg_length_(kilometers);Number_of_trips_flown_(departures);Total_average_passenger_fare;Passenger_revenue_per_RPK;Passenger_revenue_per_ASK;Operating_revenue_per_ASK;Operating_expense_per_ASK;Operating_expense_per_ASK,_excl_fuel;Fuel_cost_per_liter;Fuel_consumed_liters;Total_aircraft_utilization_(hours_per_day);Average_number_of_operating_aircrafts;Total_percentage_of_internet_sales_%;Number_of_hours_flown;Fleet_size;Net;%Chg;Airline;EU;US;Low_cost;Close_price
Q1_2022;N/A;N/A;N/A;N/A;N/A;N/A;N/A;N/A;144;0.135;-0.255;-0.533;-0.683;0.045;-0.678;N/A;-0.683;N/A;19.18;N/A;N/A;N/A;N/A;N/A;1.09;1.14;N/A;N/A;19.18;14.2;0.84;N/A;N/A;N/A;N/A;N/A;N/A;N/A;N/A;0;N/A;N/A;N/A;N/A;N/A;N/A;N/A;N/A;N/A;N/A;N/A;N/A;N/A;N/A;N/A;N/A;N/A;N/A;N/A;N/A;N/A;N/A;144;-15.516;-0.311;Wizz Air;1;0;1;34.32502889
Q4_2021;0.021;0.04;0.04;0.02;0.063;N/A;0.771;8.6;144;0.119;-0.214;-0.523;-0.652;0.045;-0.655;N/A;-0.652;N/A;N/A;N/A;N/A;N/A;N/A;N/A;N/A;N/A;N/A;N/A;N/A;N/A;N/A;N/A;N/A;N/A;N/A;N/A;N/A;N/A;N/A;N/A;N/A;N/A;N/A;7787198;12629000000;16432000000;0.771;N/A;1627;48835;30;0.013;0.025;0.025;0.039;0.027;0.6;338000000;8.6;145;N/A;119534;144;-8.486;-0.145;Wizz Air;1;0;1;49.84125117
Q3_2021;0.004;0.011;0.011;0.001;-0.011;N/A;0.117;3;144;0.445;0.267;0.083;-0.009;0.045;-0.01;N/A;-0.009;N/A;6.43;N/A;N/A;N/A;N/A;N/A;1.15;1.18;N/A;N/A;6.43;4.28;0.64;N/A;N/A;N/A;N/A;N/A;N/A;N/A;N/A;0;N/A;N/A;N/A;12491139;19594000000;26027000000;0.753;N/A;1569;80488;33;0.021;0.034;0.034;0.038;0.028;0.48;553000000;7.4;141;N/A;189572;144;3.87;0.071;Wizz Air;1;0;1;58.32689443
Q2_2021;0.03;0.043;0.043;0.014;0.071;N/A;0.636;4.4;137;0.33;-0.089;-0.546;-0.57;0.045;-0.574;N/A;-0.57;N/A;N/A;N/A;N/A;N/A;N/A;N/A;N/A;N/A;N/A;N/A;N/A;N/A;N/A;N/A;N/A;N/A;N/A;N/A;N/A;N/A;N/A;N/A;N/A;N/A;N/A;2954274;4719000000;7391000000;0.636;N/A;1591;23128;30;0.018;0.027;0.027;0.044;0.036;0.45;140000000;4.4;137;N/A;55182;137;-2.196;-0.039;Wizz Air;1;0;1;54.45703341
Q1_2021;0.003;0.002;0.004;N/A;-0.009;N/A;0.025;N/A;137;0.272;-0.517;-1.193;-1.808;0.045;-1.837;N/A;-1.808;N/A;5.2;N/A;N/A;N/A;N/A;N/A;1.31;1.35;N/A;N/A;5.2;3.46;0.598;N/A;N/A;N/A;N/A;N/A;N/A;N/A;N/A;0;N/A;N/A;N/A;3705024;5965000000;9090000000;N/A;N/A;N/A;29868;N/A;0.021;0.014;0.029;0.05;0.041;0.95;86000000;N/A;N/A;N/A;71236;137;5.557;0.109;Wizz Air;1;0;1;56.65288561
Q4_2020;0.03;0.02;0.043;0.016;0.09;N/A;0.631;3.3;132;0.306;-0.274;-0.947;-0.773;0.045;-0.777;N/A;-0.773;N/A;N/A;N/A;N/A;N/A;N/A;N/A;N/A;N/A;N/A;N/A;N/A;N/A;N/A;N/A;N/A;N/A;N/A;N/A;N/A;N/A;N/A;N/A;N/A;N/A;N/A;2268436;3649000000;5559000000;0.631;N/A;1546;18461;59;0.019;0.012;0.027;0.056;0.046;0.47;119000000;3.3;134;N/A;43488;132;16.772;0.489;Wizz Air;1;0;1;51.09593229
Q3_2020;-0.01;-0.024;-0.024;N/A;-0.099;N/A;0.088;3.7;132;0.151;-0.101;-0.366;-0.342;0.045;-0.355;N/A;-0.342;N/A;3.89;N/A;N/A;N/A;N/A;N/A;1.07;1.1;N/A;N/A;3.89;2.11;0.496;N/A;N/A;N/A;N/A;N/A;N/A;N/A;N/A;0;N/A;N/A;N/A;6481053;10727000000;16461000000;0.643;N/A;1634;50952;31;0.019;0.029;0.029;0.039;0.029;0.49;525000000;5.5;124;N/A;124365;132;-2.505;-0.068;Wizz Air;1;0;1;34.32386319
Q2_2020;0.04;0.07;0.07;0.053;0.163;N/A;0.555;1.7;242;0.012;-0.467;-1.172;-1.183;0.045;-1.189;N/A;-1.183;N/A;N/A;N/A;N/A;N/A;N/A;N/A;N/A;N/A;N/A;N/A;N/A;N/A;N/A;N/A;N/A;N/A;N/A;N/A;N/A;N/A;N/A;N/A;N/A;N/A;N/A;707184;1182000000;2081000000;0.555;N/A;1634;6767;42;0.025;0.044;0.044;0.101;0.068;0.5;138000000;1.7;121;N/A;19131;242;10.854;0.418;Wizz Air;1;0;1;36.82910579
Q1_2020;0.065;0.061;-0.003;0.002;0;N/A;0.002;N/A;242;0.219;-0.047;-0.245;-0.256;0.045;-0.247;N/A;-0.256;N/A;3.53;N/A;N/A;N/A;N/A;N/A;1.14;1.19;N/A;N/A;3.53;1.38;0.579;N/A;N/A;N/A;N/A;N/A;N/A;N/A;N/A;N/A;N/A;N/A;N/A;17923757;29561000000;31883000000;N/A;N/A;N/A;96749;N/A;0.061;0.057;0.034;0.035;0.021;0.7;633000000;N/A;N/A;N/A;235815;242;-20.094;-0.436;Wizz Air;1;0;1;25.9755228
Q4_2019;0.033;0.031;0.058;0.019;0.056;N/A;0.925;11.9;238;0.419;0.206;0.054;0.035;0.045;0.034;N/A;0.035;N/A;N/A;N/A;0.96;N/A;1;N/A;N/A;N/A;N/A;N/A;N/A;N/A;N/A;N/A;N/A;N/A;N/A;N/A;N/A;N/A;N/A;N/A;N/A;N/A;N/A;10004629;16406000000;17684000000;0.925;N/A;1635;53866;34;0.021;0.019;0.036;0.035;0.023;0.62;345000000;11.9;120;N/A;130691;238;5.312;0.13;Wizz Air;1;0;1;46.06965924
Q3_2019;0.007;0.009;0.009;0.003;0;N/A;0.009;0.3;238;0.568;0.431;0.329;0.319;0.043;0.305;N/A;0.319;N/A;2.81;N/A;0.96;N/A;1;N/A;1.8;1.85;N/A;N/A;2.81;1.09;0.517;N/A;N/A;N/A;N/A;N/A;N/A;N/A;N/A;N/A;N/A;N/A;N/A;22104157;36119000000;38089000000;0.946;N/A;1630;117458;43;0.026;0.044;0.044;0.034;0.022;0.56;793000000;13.4;115;N/A;280663;238;2.694;0.071;Wizz Air;1;0;1;40.75741826
Q2_2019;0.036;0.062;0.062;0.018;0.055;N/A;0.937;13.1;112;0.463;0.271;0.134;0.109;0.04;0.105;N/A;0.109;N/A;N/A;N/A;0.96;N/A;1;N/A;N/A;N/A;N/A;N/A;N/A;N/A;N/A;N/A;N/A;N/A;N/A;N/A;N/A;N/A;N/A;N/A;N/A;N/A;N/A;10368850;16913000000;18006000000;0.937;N/A;1626;55797;37;0.022;0.038;0.038;0.034;0.023;0.47;422000000;13.1;113;N/A;133854;112;3.095;0.089;Wizz Air;1;0;1;38.06307042
Q1_2019;N/A;N/A;N/A;N/A;N/A;N/A;N/A;N/A;112;0.375;0.189;-0.319;-0.121;0.015;-0.122;N/A;-0.121;N/A;3.27;N/A;N/A;N/A;N/A;N/A;1.44;1.46;N/A;N/A;3.27;1.27;0.56;N/A;N/A;N/A;N/A;N/A;N/A;N/A;N/A;N/A;N/A;N/A;N/A;N/A;N/A;N/A;N/A;N/A;N/A;N/A;N/A;N/A;N/A;N/A;N/A;N/A;N/A;N/A;N/A;N/A;N/A;N/A;112;3.801;0.122;Wizz Air;1;0;1;34.96761793
Q4_2018;0.035;0.032;0.057;0.018;0.057;N/A;0.914;11.3;104;0.42;0.206;0.043;-0.041;0.015;-0.041;N/A;-0.041;N/A;N/A;N/A;N/A;N/A;N/A;N/A;N/A;N/A;N/A;N/A;N/A;N/A;N/A;N/A;N/A;N/A;N/A;N/A;N/A;N/A;N/A;N/A;N/A;N/A;106300000;8119860;13235000000;14458000000;0.914;0.035;1628;45163;36;0.022;0.02;0.035;0.036;0.024;0.63;265000000;11.3;105;N/A;108620;104;-1.122;-0.035;Wizz Air;1;0;1;31.16701332
Q3_2018;0.007;0.008;0.01;0.001;0;N/A;0.015;0.2;104;0.566;0.429;0.318;0.284;0.015;0.28;N/A;0.284;N/A;2.81;N/A;0.98;N/A;1;N/A;1.64;1.67;N/A;N/A;2.81;1.27;0.477;N/A;N/A;N/A;N/A;N/A;N/A;N/A;N/A;N/A;N/A;N/A;505500000;18754948;30111000000;32155000000;0.936;0.043;1605;102516;46;0.029;0.027;0.043;0.033;0.023;0.52;680000000;13.1;100;N/A;240471;104;-8.407;-0.207;Wizz Air;1;0;1;32.28913195
Q2_2018;0.038;0.035;0.059;0.017;0.053;N/A;0.921;12.9;93;0.467;0.279;0.134;-0.055;0.041;-0.053;N/A;-0.055;N/A;N/A;N/A;N/A;N/A;N/A;N/A;N/A;N/A;N/A;N/A;N/A;N/A;N/A;N/A;N/A;N/A;N/A;N/A;N/A;N/A;N/A;N/A;N/A;N/A;151400000;8630080;13823000000;15019000000;0.921;0.037;1602;48098;38;0.024;0.022;0.037;0.033;0.023;0.5;316000000;12.9;97;N/A;113364;93;3.682;0.099;Wizz Air;1;0;1;40.69606561
Q1_2018;-0.04;-0.037;-0.063;N/A;-0.051;N/A;-0.909;-12.9;93;0.187;-0.014;-0.071;-0.076;0.041;-0.072;N/A;-0.076;N/A;3.01;N/A;N/A;N/A;N/A;N/A;1.39;1.42;N/A;N/A;3.01;1.31;0.483;N/A;N/A;N/A;N/A;N/A;N/A;N/A;N/A;N/A;N/A;N/A;659900000;29632357;47210000000;51537000000;0.913;0.038;1589;168208;38;0.024;0.022;0.038;0.032;0.023;0.42;1088000000;12.7;85;N/A;394624;93;-4.437;-0.107;Wizz Air;1;0;1;37.01383956
Q4_2017;0.035;0.031;0.054;0.015;0.052;N/A;0.894;12.1;86;0.293;0.084;0.035;0.035;0.041;0.033;N/A;0.035;N/A;N/A;N/A;0.96;N/A;1;N/A;N/A;N/A;N/A;N/A;N/A;N/A;N/A;N/A;N/A;N/A;N/A;N/A;N/A;N/A;N/A;N/A;N/A;N/A;104200000;7069570;11275000000;12573000000;0.894;0.034;1590;40802;34;0.021;0.019;0.034;0.032;0.023;0.37;316000000;12.1;87;N/A;96350;86;9.004;0.277;Wizz Air;1;0;1;41.45071884
Q3_2017;0.007;0.007;0.009;N/A;-0.002;N/A;0.016;0.4;86;0.522;0.394;0.357;0.353;0.04;0.339;N/A;0.353;N/A;1.61;N/A;0.96;N/A;1;N/A;2.39;2.43;N/A;N/A;1.61;0.03;0.025;N/A;N/A;N/A;N/A;N/A;N/A;N/A;N/A;N/A;N/A;N/A;492200000;15623473;24848000000;26740000000;0.928;0.043;1589;87779;44;0.028;0.026;0.043;0.031;0.022;0.41;566000000;13.5;83;N/A;204398;86;4.841;0.175;Wizz Air;1;0;1;32.44681911
Q2_2017;0.037;0.034;0.06;0.014;0.052;N/A;0.912;13.1;79;0.361;0.182;0.132;0.129;0.04;0.124;N/A;0.129;N/A;N/A;N/A;0.96;N/A;1;N/A;N/A;N/A;N/A;N/A;N/A;N/A;N/A;N/A;N/A;N/A;N/A;N/A;N/A;N/A;N/A;N/A;N/A;N/A;155900000;7207169;11448000000;12538000000;0.912;0.037;1587;41381;37;0.023;0.021;0.037;0.032;0.023;0.43;264000000;13.1;81;N/A;96570;79;8.274;0.428;Wizz Air;1;0;1;27.60554907
Q1_2017;-0.003;-0.002;-0.002;0;0.001;N/A;0.012;N/A;79;0.198;-0.005;-0.13;-0.129;0.018;-0.129;N/A;-0.129;N/A;1.78;N/A;N/A;N/A;N/A;N/A;1.79;1.84;N/A;N/A;1.78;0.03;0.033;N/A;N/A;N/A;N/A;N/A;N/A;N/A;N/A;N/A;N/A;N/A;152100000;11265905;17980000000;20134000000;N/A;0.032;N/A;67355;N/A;0.019;0.017;0.032;0.032;0.023;0.44;412000000;N/A;N/A;N/A;158951;79;-1.684;-0.08;Wizz Air;1;0;1;19.33182116
Q4_2016;0.034;0.03;0.054;0.014;0.051;N/A;0.881;12.1;73;0.288;0.089;0.097;0.097;0.018;0.095;N/A;0.097;N/A;N/A;N/A;0.98;N/A;1;N/A;N/A;N/A;N/A;N/A;N/A;N/A;N/A;N/A;N/A;N/A;N/A;N/A;N/A;N/A;N/A;N/A;N/A;N/A;89200000;5687789;9039000000;10255000000;0.881;0.033;1588;34535;34;0.021;0.019;0.033;0.032;0.023;0.44;208000000;12.1;73;N/A;81308;73;2.081;0.11;Wizz Air;1;0;1;21.01548406
Q3_2016;0.009;0.008;0.011;N/A;-0.002;N/A;0.016;0.3;73;0.521;0.396;0.389;0.378;0.036;0.364;N/A;0.378;N/A;1.63;N/A;0.96;N/A;1;N/A;2.26;2.3;N/A;N/A;1.63;0.03;0.033;N/A;N/A;N/A;N/A;N/A;N/A;N/A;N/A;N/A;N/A;N/A;385900000;12498480;19648000000;21557000000;0.911;0.043;1571;74343;45;0.029;0.026;0.042;0.031;0.022;0.41;470000000;13.4;69;N/A;170641;73;-0.298;-0.015;Wizz Air;1;0;1;18.93497684
Q2_2016;0.038;0.034;0.058;0.015;0.051;N/A;0.895;13.1;67;0.337;0.151;0.153;0.143;0.031;0.139;N/A;0.143;N/A;N/A;N/A;0.97;N/A;1;N/A;N/A;N/A;N/A;N/A;N/A;N/A;N/A;N/A;N/A;N/A;N/A;N/A;N/A;N/A;N/A;N/A;N/A;N/A;108400000;5754320;9025000000;10071000000;0.895;0.036;1567;35022;37;0.023;0.021;0.036;0.032;0.023;0.44;219000000;13.1;68;N/A;80607;67;-3.999;-0.172;Wizz Air;1;0;1;19.2329204
Q1_2016;-0.002;-0.002;-0.002;N/A;0;N/A;0.003;N/A;67;0.262;0.036;-0.011;-0.02;0.037;-0.017;N/A;-0.02;N/A;1.93;N/A;N/A;N/A;N/A;N/A;1.67;1.7;N/A;N/A;1.93;0.05;0.045;N/A;N/A;N/A;N/A;N/A;N/A;N/A;N/A;0;N/A;N/A;134900000;9331315;14448000000;16809000000;N/A;0.035;N/A;60204;N/A;0.024;0.021;0.035;0.034;0.024;0.5;341000000;N/A;N/A;N/A;138000;67;-1.427;-0.058;Wizz Air;1;0;1;23.23162891
Q4_2015;0.041;0.035;0.059;0.018;0.055;N/A;0.857;11.9;63;0.287;0.093;0.056;0.052;0.037;0.05;N/A;0.052;N/A;N/A;N/A;0.96;N/A;1;N/A;N/A;N/A;N/A;N/A;N/A;N/A;N/A;N/A;N/A;N/A;N/A;N/A;N/A;N/A;N/A;N/A;N/A;N/A;74500000;4734636;7305000000;8492000000;0.857;0.037;1537;30608;40;0.026;0.022;0.037;0.034;0.023;0.55;172000000;11.9;64;N/A;69795;63;-3.048;-0.11;Wizz Air;1;0;1;24.65825281
Q3_2015;0.009;0.009;0.011;N/A;-0.001;N/A;0.019;0.2;63;0.487;0.366;0.31;0.311;0.047;0.296;N/A;0.311;N/A;1.87;N/A;0.95;N/A;1;N/A;1.88;1.91;N/A;N/A;1.87;0.05;0.048;N/A;N/A;N/A;N/A;N/A;N/A;N/A;N/A;N/A;N/A;N/A;306100000;10650062;16338000000;18035000000;0.907;0.046;1535;65297;51;0.033;0.03;0.046;0.035;0.022;0.62;369000000;13.3;60;N/A;146894;63;5.774;0.263;Wizz Air;1;0;1;27.70650899
Q2_2015;0.044;0.039;0.064;0.021;0.057;N/A;0.888;13.1;55;0.3;0.123;0.146;0.103;0.044;0.099;N/A;0.103;N/A;N/A;N/A;0.96;N/A;1;N/A;N/A;N/A;N/A;N/A;N/A;N/A;N/A;N/A;N/A;N/A;N/A;N/A;N/A;N/A;N/A;N/A;N/A;N/A;N/A;4877043;7474000000;8413000000;0.888;0.04;1531;30528;42;0.028;0.024;0.04;0.035;0.022;0.65;173000000;13.1;58;N/A;68998;55;2.753;0.144;Wizz Air;1;0;1;21.93201071
Q1_2015;0.042;0.036;0.058;0.02;0.058;N/A;0.842;N/A;55;0.229;0.032;0.027;0.055;0.096;0.05;0.56;0.055;0.031;2.22;0.07;0.9;0.064;1;0.064;1.43;1.46;20.1;-0.5;2.22;0.07;0.063;N/A;10.2;17.9;50.7;3.6;22;2.21;N/A;0;0.045;N/A;49930000;7636643;11665000000;13856000000;N/A;0.036;N/A;50459;N/A;0.026;0.022;0.036;0.036;0.023;0.66;267000000;N/A;N/A;N/A;114601;55;N/A;N/A;Wizz Air;1;0;1;19.17929224
